name,weight_class,height_in,reach_in,stance,wins,losses,ko_wins,sub_wins,dec_wins,ko_losses,sub_losses,dec_losses,strike_accuracy_pct,td_accuracy_pct,td_defense_pct,last_fight_date,first_round_finish_pct,age,last_fight_result,last_fight_method,missed_weight_count,slpm,sapm,control_time_pct,last_fight_opponent,country,short_notice,combat_edge_checked,wikipedia_checked,td_per_15,slpm_r,sapm_r,td_per_15_r,draws,knockdowns_per_fight,td_accuracy_pct_r,espn_fights,sig_strikes_att_per_fight,td_att_per_fight,strike_accuracy_pct_r,knockdowns_absorbed_per_fight,sig_strikes_absorbed_per_fight
Alex Pereira,Heavyweight,76.0,79.0,Switch,12,4,10.0,0.0,2.0,3.0,0.0,1.0,61.4,10.0,80.0,2026-06-14,0.42,,Loss,KO/TKO,0.0,,,,Ciryl Gane,Brazil,0.0,False,False,0.108,,,,,0.538,,13.0,87.38,0.15,59.8,0.154,39.85
Jamahal Hill,Light Heavyweight,77.0,79.0,Orthodox,12,2,7.0,1.0,4.0,1.0,0.0,1.0,51.8,25.0,73.1,2025-06-21,0.33,,L,DEC,0.0,,,,Khalil Rountree Jr.,USA,0.0,False,False,0.0,4.853,4.621,0.0,,0.333,,12.0,123.83,0.0,48.3,0.333,41.83
Ilia Topuria,Lightweight,67.0,69.0,Orthodox,16,1,8.0,4.0,4.0,1.0,0.0,0.0,50.1,57.1,95.2,2026-06-14,0.38,,Loss,KO/TKO,0.0,,,,Justin Gaethje,Georgia,0.0,False,False,1.727,5.61,4.618,1.611,,0.571,54.1,14.0,71.57,1.5,53.9,0.071,29.57
Max Holloway,Welterweight,71.0,69.0,Orthodox,27,7,15.0,0.0,12.0,3.0,0.0,4.0,49.9,57.1,85.2,2026-07-11,0.27,34.0,W,KO/TKO,0.0,,,,Conor McGregor,USA,0.0,False,False,0.225,7.839,4.561,0.209,,0.28,34.8,25.0,256.0,0.56,52.1,0.08,83.8
Islam Makhachev,Welterweight,70.0,70.0,Southpaw,26,1,4.0,15.0,7.0,0.0,1.0,0.0,58.4,56.2,91.3,2025-11-15,0.37,34.0,W,DEC,0.0,,,,Jack Della Maddalena,Russia,0.0,False,False,3.102,2.143,1.516,2.851,,0.222,52.5,18.0,46.11,4.06,56.6,0.111,15.94
Charles Oliveira,Lightweight,70.0,74.0,Orthodox,34,10,10.0,21.0,3.0,3.0,3.0,4.0,60.1,43.1,57.1,2026-03-07,0.46,,W,DEC,0.0,,,,Max Holloway,Brazil,0.0,False,False,2.288,2.666,3.525,0.918,,0.28,37.8,25.0,45.8,2.88,63.8,0.2,25.72
Leon Edwards,Welterweight,73.0,74.0,Orthodox,22,3,9.0,4.0,9.0,1.0,1.0,1.0,54.4,37.3,63.7,2025-11-15,0.3,,L,KO/TKO,0.0,,,,Carlos Prates,UK,0.0,False,False,1.251,2.088,2.664,1.379,,0.238,53.0,21.0,76.48,3.57,63.0,0.095,39.0
Belal Muhammad,Welterweight,71.0,74.0,Orthodox,24,3,4.0,6.0,14.0,1.0,0.0,2.0,42.4,35.9,90.6,2025-11-22,0.21,,L,DEC,0.0,,,,Ian Machado Garry,USA,0.0,False,False,1.985,4.334,4.426,1.905,,0.0,33.0,23.0,155.3,5.57,39.5,0.261,59.22
Sean Strickland,Middleweight,73.0,76.0,Orthodox,29,6,10.0,1.0,18.0,2.0,1.0,3.0,42.5,62.1,68.8,2026-02-21,0.19,,W,KO/TKO,0.0,,,,Anthony Hernandez,USA,0.0,False,False,0.664,7.192,4.952,0.297,,0.28,45.3,25.0,228.68,1.16,44.0,0.12,73.68
Dricus Du Plessis,Middleweight,73.0,75.0,Orthodox,24,3,12.0,8.0,4.0,1.0,1.0,1.0,48.9,48.9,50.0,2026-07-18,0.3,32.0,W,DEC,0.0,,,,Kamaru Usman,South Africa,0.0,False,False,1.899,3.392,3.005,1.829,,0.267,46.0,15.0,123.4,3.0,48.2,0.0,49.07
Tom Aspinall,Heavyweight,77.0,79.0,Orthodox,15,3,13.0,2.0,0.0,1.0,0.0,2.0,67.6,80.0,70.0,2025-10-25,0.5,,NC,Eye Poke,0.0,,,,Ciryl Gane,UK,0.0,False,False,2.616,,,,,0.5,37.2,10.0,25.9,0.5,69.1,0.0,8.3
Conor McGregor,Welterweight,69.0,74.0,Southpaw,22,7,19.0,1.0,2.0,3.0,2.0,2.0,49.5,55.6,66.7,2026-07-11,0.45,37.0,L,KO/TKO,0.0,,,,Max Holloway,Ireland,0.0,False,False,0.66,,,,,0.542,12.3,24.0,50.42,0.38,42.3,0.042,22.33
Paddy Pimblett,Lightweight,70.0,71.0,Orthodox,23,3,7.0,11.0,5.0,1.0,1.0,1.0,52.7,21.1,46.4,2026-07-11,0.39,31.0,W,SUB,0.0,,,,Benoit Saint-Denis,UK,0.0,False,False,0.679,5.873,4.278,0.452,,0.2,15.3,10.0,91.8,1.9,52.7,0.2,34.1
Benoit Saint-Denis,Lightweight,70.0,73.0,Orthodox,14,4,7.0,5.0,2.0,1.0,2.0,1.0,44.0,42.0,60.0,2026-07-11,0.43,30.0,L,SUB,0.0,,,,Paddy Pimblett,France,0.0,False,False,4.148,,,,,,,,,,,,
Cory Sandhagen,Bantamweight,71.0,70.0,Orthodox,18,6,9.0,2.0,7.0,2.0,1.0,3.0,45.4,33.9,57.0,2026-07-11,0.31,34.0,L,DEC,0.0,,,,Mario Bautista,USA,0.0,False,False,1.138,3.864,3.327,1.079,,0.2,36.3,20.0,135.9,2.8,46.8,0.1,46.55
Mario Bautista,Bantamweight,67.0,68.0,Orthodox,15,1,6.0,4.0,5.0,0.0,0.0,1.0,50.3,38.8,57.1,2026-07-11,0.36,32.0,W,DEC,0.0,,,,Cory Sandhagen,USA,0.0,False,False,2.494,4.876,3.784,2.008,,0.2,39.0,15.0,114.47,4.47,52.9,0.133,43.47
Brandon Royval,Flyweight,66.0,68.0,Orthodox,18,8,4.0,10.0,4.0,3.0,2.0,3.0,42.6,64.3,45.3,2026-07-11,0.38,33.0,W,SUB,0.0,,,,Lone'er Kavanagh,USA,0.0,False,False,0.887,8.1,6.263,0.79,,0.214,57.1,14.0,142.93,1.0,45.7,0.357,46.07
Lone'er Kavanagh,Flyweight,68.0,68.0,Orthodox,13,2,5.0,6.0,2.0,0.0,1.0,1.0,50.5,46.2,82.6,2026-07-11,0.42,,L,SUB,0.0,,,,Brandon Royval,,0.0,False,False,1.15,4.137,3.448,1.001,,0.333,45.9,6.0,110.0,2.17,51.0,0.167,53.0
King Green,Lightweight,71.0,74.0,Southpaw,36,21,10.0,10.0,16.0,6.0,4.0,11.0,54.6,47.9,65.3,2026-07-11,0.27,,W,KO/TKO,0.0,,,,Terrance McKinney,USA,0.0,False,False,1.257,7.413,3.086,1.667,,0.24,73.9,25.0,135.2,1.92,57.0,0.16,38.8
Terrance McKinney,Lightweight,71.0,74.0,Orthodox,17,7,14.0,3.0,0.0,4.0,3.0,0.0,55.6,42.9,72.7,2026-07-11,0.94,31.0,L,KO/TKO,0.0,,,,King Green,USA,0.0,False,False,3.048,,,,,0.2,57.2,15.0,33.8,1.4,56.8,0.4,11.2
Robert Whittaker,Middleweight,71.0,71.0,Orthodox,27,8,12.0,3.0,12.0,3.0,2.0,3.0,43.4,38.1,80.0,2026-07-11,0.27,35.0,W,KO/TKO,0.0,,,,Nikita Krylov,Australia,0.0,False,False,0.711,3.808,3.116,0.415,,0.48,38.9,25.0,137.28,1.68,48.2,0.32,45.92
Nikita Krylov,Light Heavyweight,75.0,76.0,Orthodox,30,11,10.0,15.0,5.0,4.0,4.0,3.0,53.5,39.0,58.1,2026-07-11,0.42,,L,KO/TKO,0.0,,,,Robert Whittaker,Ukraine,0.0,False,False,2.193,4.225,2.961,1.909,,0.286,41.2,21.0,57.29,2.81,50.3,0.143,19.24
Gable Steveson,Heavyweight,73.0,75.0,Orthodox,4,0,4.0,0.0,0.0,0.0,0.0,0.0,38.0,78.0,85.0,2026-07-11,0.5,26.0,W,KO/TKO,0.0,,,,Elisha Ellison,USA,0.0,False,False,,,,,,1.0,,1.0,57.0,1.0,,0.0,13.0
Elisha Ellison,Heavyweight,74.0,78.0,Orthodox,7,4,5.0,0.0,2.0,3.0,0.0,1.0,50.0,15.0,55.0,2026-07-11,0.36,,L,KO/TKO,0.0,,,,Gable Steveson,USA,0.0,False,False,,,,,,0.0,,2.0,21.0,1.0,,0.5,35.0
Cody Garbrandt,Bantamweight,65.0,68.0,Orthodox,15,8,11.0,0.0,4.0,5.0,1.0,2.0,40.4,22.2,81.8,2026-07-11,0.27,34.0,L,KO/TKO,0.0,,,,Adrian Yanez,USA,0.0,False,False,0.841,2.058,3.275,0.331,,0.611,5.3,18.0,69.22,2.5,42.9,0.444,36.61
Adrian Yanez,Bantamweight,68.0,67.0,Orthodox,17,6,11.0,2.0,4.0,2.0,0.0,4.0,42.0,18.0,76.5,2026-07-11,0.33,32.0,W,KO/TKO,0.0,,,,Cody Garbrandt,USA,0.0,False,False,0.0,,,,,0.6,,15.0,81.13,0.07,43.5,0.2,29.87
Luke Riley,Featherweight,71.0,72.0,Orthodox,8,0,4.0,2.0,2.0,0.0,0.0,0.0,58.8,30.0,37.5,2026-07-11,0.36,,W,KO/TKO,0.0,,,,Kai Kamaka III,UK,0.0,False,False,0.0,,,,,0.667,,3.0,89.0,0.0,59.0,0.0,30.33
Kai Kamaka III,Featherweight,69.0,72.0,Orthodox,13,6,7.0,1.0,5.0,4.0,0.0,2.0,59.1,53.8,55.0,2026-07-11,0.31,,L,KO/TKO,0.0,,,,Luke Riley,USA,0.0,False,False,0.0,,,,,0.167,26.9,6.0,112.17,2.17,62.6,0.333,72.83
Cesar Almeida,Middleweight,74.0,76.0,Orthodox,9,2,3.0,4.0,2.0,1.0,1.0,0.0,60.3,40.0,53.5,2026-07-11,0.39,,L,KO/TKO,0.0,,,,Damian Pinas,Brazil,0.0,False,False,0.245,2.688,1.916,0.0,,0.143,,7.0,67.29,0.43,62.0,0.429,24.29
Damian Pinas,Middleweight,74.0,76.0,Orthodox,10,3,8.0,0.0,2.0,2.0,0.0,1.0,53.0,12.0,85.7,2026-07-11,0.39,,W,KO/TKO,0.0,,,,Cesar Almeida,Aruba,0.0,False,False,,,,,,1.333,,3.0,30.0,0.33,,0.0,17.67
Ryan Gandra,Middleweight,73.0,74.0,Orthodox,11,0,6.0,3.0,2.0,0.0,0.0,0.0,50.5,32.0,66.0,2026-07-11,0.4,,W,KO/TKO,0.0,,,,Zach Reese,Brazil,0.0,False,False,,,,,,1.0,,3.0,37.0,0.0,50.3,0.0,3.67
Zach Reese,Middleweight,75.0,77.0,Orthodox,7,3,5.0,1.0,1.0,3.0,0.0,0.0,54.3,61.1,52.4,2026-07-11,0.43,,L,KO/TKO,0.0,,,,Ryan Gandra,USA,0.0,False,False,2.799,4.493,4.064,2.72,,0.1,61.6,10.0,49.5,1.8,53.6,0.1,24.1
Kamaru Usman,Middleweight,71.0,76.0,Orthodox,21,5,9.0,1.0,11.0,2.0,0.0,3.0,50.9,42.0,90.2,2026-07-18,0.15,38.0,L,DEC,0.0,,,,Dricus Du Plessis,Nigeria,0.0,False,False,2.597,,,,,0.5,23.6,20.0,147.65,7.5,43.9,0.05,52.0
Jared Cannonier,Middleweight,71.0,76.0,Southpaw,18,10,12.0,1.0,5.0,4.0,1.0,5.0,49.4,45.5,64.8,2026-07-18,0.35,42.0,L,DEC,0.0,,,,Christian Leroy Duncan,USA,0.0,False,False,0.768,4.442,4.859,0.895,,0.318,49.6,22.0,114.64,1.5,46.1,0.364,58.05
Christian Leroy Duncan,Middleweight,73.0,76.0,Orthodox,15,2,7.0,2.0,6.0,1.0,0.0,1.0,58.0,20.0,57.9,2026-07-18,0.3,27.0,W,DEC,0.0,,,,Jared Cannonier,UK,0.0,False,False,0.427,4.411,2.652,0.5,,0.3,24.2,10.0,80.9,1.5,56.9,0.0,24.9
Magomed Ankalaev,Light Heavyweight,75.0,76.0,Southpaw,21,2,8.0,3.0,10.0,1.0,0.0,1.0,52.5,24.5,87.5,2025-10-04,0.18,34.0,L,KO/TKO,0.0,,,,Alex Pereira,Russia,0.0,False,False,0.794,3.89,3.005,0.696,,0.3,21.7,20.0,69.7,2.45,50.7,0.05,26.25
Khalil Rountree Jr.,Light Heavyweight,73.0,79.0,Orthodox,15,7,11.0,0.0,4.0,4.0,0.0,3.0,41.7,15.0,56.2,2025-10-04,0.4,36.0,L,KO/TKO,0.0,,,,Jiri Prochazka,USA,0.0,False,False,0.0,4.281,4.62,0.0,,0.619,,21.0,77.29,0.0,43.5,0.143,36.1
Umar Nurmagomedov,Bantamweight,67.0,68.0,Orthodox,20,1,6.0,7.0,7.0,0.0,1.0,0.0,56.5,46.6,79.4,2026-01-24,0.2,29.0,W,DEC,0.0,,,,Deiveson Figueiredo,Russia,0.0,False,False,4.029,3.425,2.004,4.15,,0.111,48.2,9.0,96.22,8.11,52.7,0.222,26.22
David Martinez,Bantamweight,66.0,67.0,Orthodox,14,1,6.0,4.0,4.0,0.0,1.0,0.0,46.7,25.0,100.0,2026-02-28,0.25,26.0,W,DEC,0.0,,,,Marlon Vera,,0.0,False,False,0.866,4.602,2.858,0.995,,0.25,29.4,4.0,128.0,2.0,46.0,0.0,36.0
Ian Machado Garry,Welterweight,73.0,77.0,Southpaw,17,1,4.0,2.0,11.0,0.0,1.0,0.0,54.1,31.2,80.0,2025-11-22,0.1,28.0,W,DEC,0.0,,,,Belal Muhammad,Ireland,0.0,False,False,0.924,4.299,2.649,1.041,,0.364,26.3,11.0,130.27,2.91,52.8,0.091,42.18
Mackenzie Dern,Strawweight,63.0,66.0,Orthodox,16,5,1.0,9.0,6.0,0.0,3.0,2.0,41.6,18.4,37.9,2025-10-25,0.15,33.0,W,DEC,0.0,,,,Virna Jandiroba,USA,0.0,False,False,0.926,3.592,4.042,1.218,,0.105,24.1,19.0,99.42,4.0,45.5,0.316,46.95
Gillian Robertson,Strawweight,65.0,65.0,Orthodox,17,8,1.0,11.0,5.0,2.0,3.0,3.0,48.5,40.9,38.9,2026-03-14,0.25,29.0,W,DEC,0.0,,,,Amanda Lemos,Canada,0.0,False,False,2.76,3.39,2.668,3.094,,0.0,39.7,21.0,55.0,4.43,49.2,0.0,28.1
Farid Basharat,Bantamweight,68.0,70.0,Orthodox,16,0,4.0,6.0,6.0,0.0,0.0,0.0,54.1,37.7,54.5,2026-07-11,0.25,26.0,W,DEC,0.0,,,,John Garza,UK,0.0,False,False,3.66,3.833,3.33,2.95,,0.0,32.3,8.0,112.62,8.62,53.3,0.0,44.25
Alessandro Costa,Flyweight,65.0,67.0,Orthodox,17,5,7.0,5.0,5.0,2.0,1.0,2.0,46.5,26.7,87.1,2026-07-11,0.3,29.0,W,SUB,0.0,,,,Cody Durden,Brazil,0.0,False,False,0.853,3.326,3.751,0.814,,0.556,34.9,9.0,77.0,1.67,47.4,0.222,35.22
Cody Durden,Flyweight,64.0,68.0,Orthodox,18,11,4.0,6.0,8.0,2.0,4.0,5.0,44.4,48.3,56.5,2026-07-11,0.15,31.0,L,SUB,0.0,,,,Alessandro Costa,USA,0.0,False,False,3.817,3.226,4.573,3.311,,0.059,49.6,17.0,73.06,5.24,41.9,0.235,38.71
Tracy Cortez,Flyweight,66.0,66.5,Orthodox,12,4,2.0,1.0,9.0,1.0,1.0,2.0,48.5,40.4,59.4,2026-07-11,0.1,34.0,L,DEC,0.0,,,,Cong Wang,USA,0.0,False,False,1.825,3.956,3.439,1.784,,0.0,29.3,13.0,96.85,4.0,46.3,0.154,42.92
Cong Wang,Flyweight,65.0,65.5,Orthodox,10,1,3.0,1.0,6.0,0.0,1.0,0.0,46.0,25.0,80.0,2026-07-11,0.2,34.0,W,DEC,1.0,,,,Tracy Cortez,China,0.0,False,False,,,,,,,,,,,,,
John Garza,Bantamweight,67.0,69.0,Orthodox,9,4,4.0,3.0,2.0,1.0,1.0,2.0,43.9,30.0,77.3,2026-07-11,0.25,28.0,L,DEC,0.0,,,,Farid Basharat,USA,0.0,False,False,0.0,,,,,0.0,,1.0,187.0,0.0,43.9,0.0,86.0
Chase Hooper,Lightweight,73.0,74.0,Orthodox,17,5,4.0,9.0,4.0,3.0,0.0,2.0,49.5,32.8,55.0,2026-07-18,0.38,26.0,W,SUB,0.0,4.5,3.02,,Mitch Ramirez,USA,0.0,False,False,2.822,4.085,2.163,4.219,,0.062,39.7,16.0,74.06,4.19,45.7,0.438,24.5
Mitch Ramirez,Lightweight,71.0,71.0,Orthodox,8,4,5.0,2.0,1.0,3.0,1.0,0.0,44.6,33.0,33.3,2026-07-18,0.75,32.0,L,SUB,0.0,3.51,3.98,,Chase Hooper,USA,0.0,False,False,0.0,,,,,0.0,,4.0,51.0,0.75,45.2,0.75,26.25
Tommy McMillen,Featherweight,72.0,74.0,,11,0,5.0,5.0,1.0,0.0,0.0,0.0,50.8,0.0,83.3,2026-07-18,0.9,28.0,W,KO/TKO,0.0,9.87,5.54,,Alberto Montes,,0.0,False,False,0.0,,,,,1.0,,3.0,288.33,0.33,50.6,0.0,53.67
Alberto Montes,Featherweight,67.0,69.0,Orthodox,12,2,1.0,7.0,4.0,2.0,0.0,0.0,48.1,,77.8,2026-07-18,0.25,31.0,L,KO/TKO,0.0,5.26,4.44,,Tommy McMillen,Venezuela,0.0,False,False,0.0,,,,,0.0,,3.0,87.33,0.0,45.1,0.667,103.67
Tabatha Ricci,Women's Strawweight,61.0,61.0,,12,5,2.0,3.0,7.0,1.0,0.0,4.0,36.5,34.7,54.3,2026-07-18,0.17,31.0,L,DEC,0.0,4.0,4.83,,Fatima Kline,Brazil,0.0,False,False,2.37,4.216,5.271,2.206,,0.0,28.1,12.0,136.33,6.0,35.5,0.083,63.17
Fatima Kline,Women's Strawweight,66.0,67.0,,10,1,4.0,1.0,5.0,0.0,0.0,1.0,48.0,66.7,65.0,2026-07-18,0.11,25.0,W,DEC,0.0,5.01,2.71,,Tabatha Ricci,USA,0.0,False,False,3.132,5.585,2.877,2.198,,0.2,67.5,5.0,136.2,4.2,47.2,0.0,33.0
Austin Bashi,Featherweight,66.0,70.0,Orthodox,14,2,3.0,6.0,5.0,0.0,0.0,2.0,42.5,35.4,63.6,2026-07-18,0.29,24.0,L,DEC,0.0,1.75,2.34,,Jose Delgado,USA,0.0,False,False,3.12,,,,,0.0,31.3,4.0,46.5,12.0,40.3,0.25,24.5
Jose Delgado,Featherweight,71.0,73.0,,11,2,6.0,4.0,1.0,0.0,0.0,2.0,55.0,0.0,50.0,2026-07-18,0.7,27.0,W,DEC,1.0,7.48,4.95,,Austin Bashi,USA,0.0,False,False,0.62,,,,,,,,,,,,
Jean-Paul Lebosnoyani,Welterweight,71.0,72.0,,11,2,3.0,5.0,3.0,2.0,0.0,0.0,46.6,42.9,,2026-07-18,0.7,27.0,W,DEC,0.0,4.77,3.72,,Seokhyeon Ko,USA,0.0,False,False,3.0,,,,,0.333,45.2,3.0,92.33,4.67,45.0,0.0,42.0
Seokhyeon Ko,Welterweight,70.0,71.0,Southpaw,13,3,6.0,0.0,7.0,2.0,0.0,1.0,50.4,52.2,50.0,2026-07-18,,32.0,L,DEC,0.0,2.3,2.13,,Jean-Paul Lebosnoyani,South Korea,0.0,False,False,3.333,,,,,0.0,49.6,4.0,93.75,5.75,48.3,0.0,29.0
Felipe Franco,Light Heavyweight,73.0,,,11,2,7.0,4.0,0.0,0.0,1.0,1.0,57.4,40.9,87.5,2026-07-18,1.0,25.0,W,KO/TKO,0.0,1.81,2.55,,Levi Rodrigues Jr.,Brazil,0.0,False,False,2.077,,,,,0.0,41.5,3.0,54.0,7.33,57.2,0.0,29.0
Levi Rodrigues Jr.,Light Heavyweight,72.0,76.5,Orthodox,5,1,5.0,0.0,0.0,1.0,0.0,0.0,79.0,,57.1,2026-07-18,1.0,29.0,L,KO/TKO,0.0,4.5,2.1,,Felipe Franco,Brazil,0.0,False,False,,,,,,0.5,,2.0,25.5,0.0,,0.0,23.0
Alden Coria,Flyweight,68.0,67.0,Southpaw,13,3,5.0,4.0,4.0,0.0,1.0,2.0,41.6,54.5,56.2,2026-07-18,0.25,27.0,W,DEC,0.0,4.69,2.4,,Stewart Nicoll,USA,0.0,False,False,2.207,,,,,0.0,53.6,3.0,132.33,3.67,41.0,0.0,30.0
Stewart Nicoll,Flyweight,65.0,65.5,Orthodox,8,4,4.0,3.0,1.0,1.0,1.0,2.0,37.2,22.9,33.3,2026-07-18,,31.0,L,DEC,0.0,3.63,5.84,,Alden Coria,Australia,0.0,False,False,2.818,,,,,0.0,24.5,4.0,86.0,8.75,37.1,0.25,51.25
Alvin Hines,Heavyweight,74.0,74.0,Orthodox,7,2,3.0,3.0,1.0,1.0,0.0,1.0,32.7,10.0,,2026-07-18,0.29,34.0,L,KO/TKO,0.0,5.47,7.47,,RJ Harris,USA,0.0,False,False,0.9,,,,,0.0,10.0,2.0,142.0,5.0,33.3,0.5,63.5
RJ Harris,Heavyweight,78.0,80.0,Orthodox,6,0,2.0,3.0,1.0,0.0,0.0,0.0,,,,2026-07-18,,27.0,W,KO/TKO,0.0,,,,Alvin Hines,USA,0.0,False,False,,,,,,1.0,,1.0,26.0,0.0,,0.0,11.0
Dione Barbosa,Women's Flyweight,66.0,66.0,Orthodox,10,4,0.0,5.0,5.0,1.0,0.0,3.0,45.9,44.4,63.6,2026-07-18,,34.0,W,SUB,0.0,2.27,2.45,,Anna Melisano,Brazil,0.0,False,False,2.416,2.45,2.514,2.317,,0.0,48.7,7.0,48.86,3.86,45.3,0.0,23.86
Anna Melisano,Women's Flyweight,66.0,70.0,,6,2,2.0,1.0,3.0,1.0,1.0,0.0,,,,2026-07-18,,29.0,L,SUB,0.0,,,,Dione Barbosa,,0.0,False,False,,,,,,0.0,,1.0,6.0,0.0,,0.0,5.0
Ezra Elliott,Featherweight,70.0,70.0,,8,0,2.0,5.0,1.0,0.0,0.0,0.0,,66.7,,2026-07-18,1.0,26.0,W,DEC,,,,,Damien Anderson,USA,0.0,False,False,12.0,,,,,0.0,66.7,1.0,11.0,18.0,,0.0,7.0
Damien Anderson,Featherweight,,,,5,1,1.0,4.0,0.0,0.0,0.0,1.0,,,33.3,2026-07-18,,29.0,L,DEC,,,,,Ezra Elliott,USA,0.0,False,False,0.0,,,,,0.0,,1.0,20.0,2.0,,0.0,6.0
Cody Gibson,Bantamweight,70.0,71.0,Orthodox,21,12,7.0,5.0,9.0,1.0,5.0,6.0,46.9,37.5,68.0,,,38.0,,,,,,,,USA,,False,True,2.12,3.866,2.939,2.612,,0.125,37.9,16.0,53.69,2.5,55.3,0.188,24.0
Abdul Hussein,Bantamweight,65.0,,Orthodox,15,2,5.0,9.0,1.0,0.0,1.0,1.0,,,,,,28.0,,,,,,,,Finland,,True,True,,,,,,1.0,,1.0,99.0,2.0,,0.0,44.0
Mike Davis,Lightweight,72.0,72.5,Orthodox,12,3,8.0,2.0,2.0,0.0,1.0,2.0,53.9,44.4,52.8,,,33.0,,,,,,,,USA,,True,True,2.829,3.283,3.834,2.22,,0.4,37.1,10.0,91.7,3.6,56.8,0.1,53.5
Nurullo Aliev,Lightweight,70.0,72.0,Orthodox,11,0,2.0,0.0,9.0,0.0,0.0,0.0,44.2,51.7,80.0,,,25.0,,,,,,,,Tajikistan,,False,True,2.0,,,,,0.0,54.4,5.0,67.0,5.8,42.3,0.0,20.6
Brendson Ribeiro,Light Heavyweight,75.0,81.0,Orthodox,17,10,9.0,7.0,1.0,5.0,3.0,2.0,40.4,37.5,32.1,2026-04-04,,29.0,L,Submission,,,,,Abdul Rakhman Yakhyaev,Brazil,,True,True,0.916,2.595,3.98,0.793,,0.222,29.9,9.0,55.0,0.89,38.5,0.222,26.89
Magomed Tuchalov,Light Heavyweight,77.0,,,6,0,5.0,1.0,0.0,0.0,0.0,0.0,,57.1,,2026-03-28,,26.0,W,KO (Punch),,,,,Caio Machado,Russia,,True,True,,,,,,0.0,57.1,1.0,80.0,14.0,,0.0,39.0
Santiago Ponzinibbio,Welterweight,72.0,73.0,Orthodox,30,9,17.0,6.0,7.0,5.0,0.0,4.0,40.8,26.5,71.1,,,39.0,,,,,,,,Argentina,,False,True,0.596,4.757,5.01,0.809,,0.458,18.6,24.0,112.12,1.42,37.3,0.375,46.83
Sam Patterson,Welterweight,75.0,78.0,Orthodox,14,3,6.0,7.0,1.0,2.0,0.0,1.0,41.3,,,,,30.0,,,,,,,,England,,True,True,1.098,,,,,0.375,,8.0,48.38,0.5,41.9,0.0,15.75
Dustin Jacoby,Light Heavyweight,75.0,76.0,Orthodox,22,9,15.0,1.0,6.0,2.0,2.0,5.0,50.2,25.0,66.7,,,38.0,,,,,,,,USA,,False,True,0.272,5.726,3.71,0.173,,0.4,19.8,20.0,100.05,0.8,48.4,0.4,35.45
Muhammad Said,Light Heavyweight,74.0,,,9,0,6.0,2.0,1.0,0.0,0.0,0.0,45.1,,,2026-05-09,,30.0,W,KO (Punches),,,,,Henrique da Silva,Russia,,True,True,,,,,,2.0,,1.0,133.0,0.0,45.1,0.0,34.0
Thomas Petersen,Heavyweight,73.0,74.0,Southpaw,11,4,7.0,1.0,3.0,3.0,0.0,1.0,59.4,42.1,87.5,2026-04-04,,31.0,W,Decision (Majority),,,,,Guilherme Pat,USA,,True,True,2.648,3.03,2.704,3.589,,0.125,35.4,8.0,52.0,4.75,58.5,0.375,26.12
Valter Walker,Heavyweight,78.0,78.5,Orthodox,15,1,6.0,5.0,4.0,0.0,0.0,1.0,,69.2,,2025-10-25,,28.0,W,Submission (Heel Hook),,,,,Louie Sutherland,Brazil,,False,True,5.741,,,,,0.0,68.2,6.0,15.17,2.17,,0.0,11.17
Ismael Bonfim,Lightweight,68.0,71.5,Orthodox,20,6,9.0,4.0,7.0,2.0,4.0,0.0,54.3,33.3,76.9,2025-11-08,,30.0,L,TKO (Punches),,,,,Chris Padilla,Brazil,,True,True,1.082,5.552,4.77,1.18,,0.286,34.1,7.0,82.29,2.14,53.2,0.143,34.71
Axel Sola,Lightweight,72.0,74.0,Southpaw,11,1,6.0,1.0,4.0,0.0,0.0,1.0,50.4,36.4,,2026-03-21,,28.0,L,Decision (Unanimous),,,,,Mason Jones,France,,True,True,2.219,,,,,0.667,37.3,3.0,94.67,3.67,51.7,0.0,48.0
Abubakar Vagaev,Welterweight,72.0,,,24,4,4.0,1.0,19.0,3.0,0.0,1.0,,40.0,71.4,2025-02-08,,33.0,W,Decision (Unanimous),,,,,Albert Tumenov,Russia,,True,True,,,,,,0.0,40.0,1.0,70.0,10.0,,0.0,33.0
Saygid Izagakhmaev,Welterweight,73.0,74.0,,22,3,3.0,13.0,6.0,0.0,1.0,2.0,45.3,35.3,66.7,2025-11-22,,31.0,L,Decision (Split),,,,,Nicolas Dalby,Russia,,True,True,4.0,,,,,0.0,34.4,2.0,58.5,8.5,44.2,0.0,26.5
Rizvan Kuniev,Heavyweight,76.0,76.0,Orthodox,13,3,6.0,2.0,5.0,0.0,0.0,3.0,54.9,,93.5,2026-02-07,,34.0,W,Decision (Unanimous),,,,,Jailton Almeida,Russia,,False,True,0.0,,,,,0.333,,6.0,75.0,0.67,50.7,0.0,21.17
Tyrell Fortune,Heavyweight,74.0,77.0,,18,3,11.0,1.0,6.0,1.0,1.0,1.0,49.0,42.9,,2026-03-28,,36.0,W,Decision (Unanimous),,,,,Marcin Tybura,USA,,False,True,3.0,,,,,0.0,41.0,2.0,51.0,3.5,48.9,0.5,56.5
Magomed Zaynukov,Lightweight,70.0,68.0,Orthodox,8,0,5.0,0.0,3.0,0.0,0.0,0.0,59.7,50.0,85.7,,,31.0,,,,,,,,Russia,,False,True,,,,,,0.0,45.8,2.0,259.0,4.0,59.3,0.5,44.0
Damian Rzepecki,Lightweight,70.0,73.5,,10,0,4.0,5.0,1.0,0.0,0.0,0.0,,14.3,66.7,,,24.0,,,,,,,,Poland,,False,True,,,,,,0.0,14.3,1.0,62.0,7.0,,0.0,74.0
Wellington Turman,Welterweight,72.0,72.0,Orthodox,18,8,4.0,8.0,6.0,2.0,1.0,5.0,51.2,20.8,42.9,2023-12-02,,29.0,L,Submission (Rear Naked Choke),,,,,Jared Gooden,Brazil,,False,True,1.552,,,,,0.0,18.4,9.0,67.67,5.33,54.4,0.111,44.78
Islam Dulatov,Welterweight,75.0,75.0,Orthodox,12,1,8.0,4.0,0.0,0.0,0.0,1.0,54.5,,,2025-07-19,,27.0,W,KO (Punches),,,,,Adam Fugitt,Germany,,False,True,,,,,,1.0,,2.0,55.0,0.5,54.1,0.0,14.5
Ramazan Temirov,Flyweight,64.0,63.0,Orthodox,19,3,11.0,1.0,7.0,0.0,1.0,2.0,41.2,,,2025-03-01,,29.0,W,Decision (Unanimous),,,,,Charles Johnson,Uzbekistan,,True,True,0.841,,,,,1.667,,3.0,85.0,0.67,41.7,0.0,27.0
Steve Erceg,Flyweight,68.0,68.0,Orthodox,14,4,2.0,6.0,6.0,1.0,0.0,3.0,46.8,27.3,67.4,2026-05-02,,30.0,W,Decision (Unanimous),,,,,Tim Elliott,Australia,,False,True,1.13,3.784,3.64,1.132,,0.111,26.4,9.0,134.0,3.67,46.8,0.444,57.0
Bogdan Guskov,Light Heavyweight,75.0,76.0,Orthodox,18,3,15.0,3.0,0.0,1.0,1.0,1.0,56.8,,54.5,2025-12-06,,33.0,D,Decision (Majority),,,,,Jan Blachowicz,Uzbekistan,,False,True,0.0,,,,,0.571,,7.0,59.86,0.0,58.2,0.286,33.14
Kyle Prepolec,Lightweight,70.0,70.0,Southpaw,18,11,10.0,4.0,4.0,2.0,3.0,6.0,33.6,0.0,41.7,2026-08-01,,36.0,L,KO/TKO,,,,,Mateusz Rębecki,Canada,0.0,False,True,0.0,,,,,0.0,0.0,6.0,79.83,1.17,31.4,0.0,58.83
Mateusz Rębecki,Lightweight,67.0,66.0,Southpaw,21,5,10.0,7.0,4.0,2.0,1.0,2.0,49.4,50.0,53.3,2026-08-01,,33.0,W,KO/TKO,,,,,Kyle Prepolec,Poland,0.0,True,True,2.842,5.471,5.28,3.002,,0.5,41.5,10.0,115.5,4.4,50.8,0.0,45.3
Jovan Leka,Heavyweight,76.0,75.0,Orthodox,14,2,8.0,4.0,2.0,0.0,0.0,2.0,,,55.6,2026-08-01,,24.0,W,KO/TKO,,,,,Alexander Poppeck,Serbia,0.0,True,True,,,,,,0.5,,2.0,24.0,0.5,,0.0,8.5
Max Gimenis,Heavyweight,74.0,75.0,Orthodox,6,2,3.0,2.0,1.0,1.0,0.0,0.0,,,,,,33.0,,,,,,,,Brazil,,True,True,,,,,,0.0,,1.0,7.0,0.0,,2.0,9.0
Hailey Cowan,Women's Bantamweight,68.0,67.0,Southpaw,7,6,2.0,2.0,3.0,2.0,1.0,1.0,41.2,37.5,80.0,2026-08-01,,34.0,L,KO/TKO,,,,,Nina Milošević,USA,0.0,True,True,2.399,,,,,0.0,37.7,5.0,66.0,3.2,39.7,0.4,31.2
Nina Milošević,Women's Bantamweight,65.0,65.0,,9,1,4.0,2.0,3.0,0.0,0.0,1.0,,,,2026-08-01,,29.0,W,KO/TKO,,,,,Hailey Cowan,Australia,0.0,True,True,,,,,,1.0,,1.0,39.0,0.0,,0.0,13.0
Dennis Buzukja,Featherweight,69.0,70.5,Switch,12,7,5.0,1.0,6.0,2.0,1.0,2.0,44.3,27.3,72.5,2026-08-01,,28.0,L,SUB,,,,,Bogdan Grad,USA,0.0,True,True,0.0,,,,,0.25,21.4,8.0,99.0,1.38,45.4,0.375,48.88
Bogdan Grad,Featherweight,68.0,70.0,Orthodox,16,4,9.0,4.0,3.0,1.0,0.0,1.0,53.2,38.6,,2026-08-01,,30.0,W,SUB,,,,,Dennis Buzukja,Austria,0.0,True,True,5.022,2.643,2.15,5.269,,0.0,38.2,6.0,72.67,7.33,54.5,0.5,46.67
Josias Musasa,Bantamweight,68.0,74.0,Southpaw,8,2,7.0,0.0,1.0,0.0,1.0,1.0,45.5,,81.2,,,27.0,,,,,,,,Democratic Republic of Congo,,True,True,0.821,,,,,0.0,,3.0,77.67,1.33,45.9,0.333,48.67
Mark Vologdin,Bantamweight,63.0,65.0,Orthodox,12,5,6.0,4.0,2.0,0.0,1.0,4.0,46.0,26.7,50.0,2026-08-01,,26.0,L,DEC,,,,,Borislav Nikolic,Russia,0.0,True,True,1.0,,,,,0.333,27.8,3.0,181.33,5.0,45.2,0.0,119.0
Oban Elliott,Welterweight,72.0,72.0,Orthodox,12,6,3.0,3.0,6.0,2.0,1.0,1.0,48.3,38.1,52.4,2026-08-01,,28.0,L,KO/TKO,,,,,Michael Oliveira,Wales,0.0,True,True,0.935,3.421,2.149,0.651,,0.143,28.1,7.0,86.57,3.0,48.1,0.429,27.29
Michael Oliveira,Welterweight,73.0,78.5,Orthodox,11,0,10.0,0.0,1.0,0.0,0.0,0.0,52.0,,,2026-08-01,,28.0,W,KO/TKO,,,,,Oban Elliott,Brazil,0.0,True,True,,,,,,2.5,,2.0,85.5,0.0,52.3,0.0,18.0
Ludovit Klein,Lightweight,67.0,72.5,Southpaw,24,7,9.0,8.0,7.0,3.0,2.0,2.0,53.5,50.0,76.6,2026-08-01,,31.0,L,KO/TKO,,,,,Tofiq Musayev,Slovakia,0.0,True,True,1.37,3.902,3.597,1.03,,0.385,50.3,13.0,89.38,2.15,52.7,0.077,44.62
Tofiq Musayev,Lightweight,69.0,69.0,Orthodox,25,6,20.0,2.0,3.0,1.0,4.0,1.0,43.6,50.0,57.1,2026-08-01,,36.0,W,KO/TKO,,,,,Ludovit Klein,Azerbaijan,0.0,True,True,2.298,,,,,0.333,48.6,3.0,62.67,2.0,43.5,0.333,26.67
Gilbert Urbina,Middleweight,75.0,75.0,Orthodox,8,5,3.0,2.0,3.0,2.0,1.0,0.0,57.9,44.4,,2026-08-01,,30.0,W,KO/TKO,,,,,Vlasto Čepo,USA,0.0,True,True,2.857,,,,,0.333,47.6,9.0,28.22,1.0,58.7,0.333,11.56
Vlasto Čepo,Middleweight,73.0,,,14,4,10.0,4.0,0.0,2.0,1.0,1.0,,,,2026-08-01,,31.0,L,KO/TKO,,,,,Gilbert Urbina,Serbia,0.0,True,True,,,,,,0.0,,1.0,24.0,0.0,,1.0,30.0
Duško Todorović,Middleweight,73.0,74.0,Orthodox,13,7,8.0,4.0,1.0,4.0,1.0,2.0,57.8,24.0,40.0,2026-08-01,,32.0,L,SUB,,,,,Robert Valentin,Serbia,0.0,True,True,2.156,3.232,3.716,3.403,,0.0,41.5,12.0,57.83,4.17,58.4,0.333,31.08
Robert Valentin,Middleweight,74.0,77.0,Orthodox,13,6,3.0,9.0,1.0,3.0,1.0,2.0,,,52.2,2026-08-01,,31.0,W,SUB,,,,,Duško Todorović,Switzerland,0.0,True,True,0.592,,,,,0.0,,5.0,12.4,0.6,,0.2,14.0
Marcin Tybura,Heavyweight,75.0,78.0,Orthodox,27,12,10.0,7.0,10.0,6.0,1.0,5.0,46.8,32.4,70.7,2026-08-01,,40.0,L,DEC,,,,,Aleksandar Rakic,Poland,0.0,True,True,1.305,3.699,3.514,1.166,,0.04,21.6,25.0,83.32,2.84,39.7,0.24,37.28
Aleksandar Rakic,Heavyweight,76.0,78.0,Orthodox,15,6,9.0,1.0,5.0,3.0,1.0,2.0,50.5,21.7,87.0,2026-08-01,,34.0,W,DEC,,,,,Marcin Tybura,Serbia,0.0,True,True,0.638,3.957,3.741,0.232,,0.235,8.4,17.0,64.71,1.35,50.7,0.118,21.71
Jan Blachowicz,Light Heavyweight,74.0,78.0,Orthodox,29,12,9.0,9.0,11.0,3.0,2.0,7.0,50.2,48.7,70.0,2026-08-01,,43.0,L,KO/TKO,,,,,Navajo Stirling,Poland,0.0,True,True,0.976,,,,,0.28,35.7,25.0,82.8,1.56,51.8,0.08,38.12
Navajo Stirling,Light Heavyweight,76.0,79.0,Orthodox,11,0,7.0,0.0,4.0,0.0,0.0,0.0,55.5,25.0,71.4,2026-08-01,,28.0,W,KO/TKO,,,,,Jan Blachowicz,New Zealand,0.0,True,True,0.961,5.984,2.511,1.387,,0.429,24.8,7.0,121.29,2.29,56.7,0.0,26.57
Daniel Rodriguez,Welterweight,73.0,74.0,Southpaw,20,6,9.0,4.0,7.0,2.0,1.0,3.0,49.1,50.0,64.0,2026-08-01,,39.0,L,KO/TKO,,,,,Uroš Medić,USA,0.0,True,True,0.185,6.692,5.355,0.189,,0.438,37.8,16.0,162.81,0.75,47.9,0.25,60.56
Uroš Medić,Welterweight,73.0,71.0,Southpaw,14,3,12.0,2.0,0.0,1.0,2.0,0.0,60.8,,55.6,2026-08-01,,33.0,W,KO/TKO,,,,,Daniel Rodriguez,Serbia,0.0,True,True,0.36,,,,,0.917,,12.0,35.08,0.17,59.4,0.25,12.58
Steven Asplund,Heavyweight,77.0,78.0,Orthodox,7,2,6.0,0.0,1.0,0.0,1.0,1.0,53.5,,100.0,2026-03-14,,28.0,L,nan,,,,,Vitor Petrino,USA,,True,True,0.0,,,,,1.0,,4.0,144.0,0.25,53.4,0.25,51.25
Guilherme Pat,Heavyweight,77.0,81.0,Orthodox,6,1,4.0,0.0,2.0,0.0,0.0,1.0,60.9,,100.0,2026-04-04,,32.0,L,nan,,,,,Thomas Petersen,Brazil,,True,True,0.0,,,,,0.333,,3.0,69.0,0.0,60.6,1.0,42.33
Diego Ferreira,Lightweight,69.0,74.0,Orthodox,19,7,5.0,7.0,7.0,4.0,0.0,3.0,40.8,33.3,58.2,2025-09-13,,41.0,L,KO/TKO,,,,,Alexander Hernandez,Brazil,,True,True,0.818,4.399,3.627,0.809,,0.15,46.4,20.0,109.35,1.95,45.7,0.2,32.2
Billy Quarantillo,Lightweight,70.0,70.0,Orthodox,18,7,8.0,5.0,5.0,3.0,1.0,3.0,52.6,24.6,60.3,2024-12-15,,37.0,L,nan,,,,,Cub Swanson,USA,,True,True,1.59,7.048,6.484,1.786,,0.154,26.8,13.0,155.54,4.38,42.6,0.231,68.54
Louie Sutherland,Heavyweight,75.0,76.0,Orthodox,11,5,8.0,0.0,3.0,1.0,1.0,0.0,,40.0,,2026-05-02,,32.0,W,nan,,,,,Tai Tuivasa,England,,True,True,4.945,,,,,0.0,39.7,4.0,13.0,3.75,,0.0,9.75
José Montanha,Heavyweight,76.0,,,6,1,,,,,,,,,,2025-08-30,,29.0,W,nan,,,,,Bruno de Jesus,Brazil,,True,True,,,,,,0.0,,1.0,7.0,2.0,,0.0,3.0
Bruno Lopes,Light Heavyweight,74.0,74.0,Orthodox,14,3,6.0,5.0,3.0,2.0,0.0,0.0,44.5,25.0,100.0,2026-03-28,,33.0,L,nan,,,,,Navajo Stirling,Brazil,,True,True,2.894,,,,,0.0,22.9,6.0,47.17,4.0,46.1,1.0,35.33
Diyar Nurgozhay,Light Heavyweight,74.0,74.0,Southpaw,11,2,6.0,2.0,3.0,0.0,2.0,0.0,61.3,,72.7,2026-03-07,,29.0,W,DEC,,,,,Rafael Tobias,Kazakhstan,,True,True,1.858,5.187,2.746,1.449,,0.6,,5.0,64.0,0.8,63.3,0.4,21.2
Amanda Lemos,Women's Strawweight,64.0,65.0,Southpaw,15,6,8.0,3.0,4.0,1.0,2.0,3.0,62.8,57.9,63.5,2026-03-14,,39.0,L,nan,,,,,Gillian Robertson,Brazil,,True,True,1.021,1.678,2.124,0.976,,0.375,48.7,16.0,49.88,1.19,55.6,0.062,35.5
Alexia Thainara,Women's Strawweight,64.0,67.0,Orthodox,14,1,0.0,8.0,6.0,0.0,1.0,0.0,47.2,53.1,,2026-03-28,,30.0,W,nan,,,,,Bruna Brasil,Brazil,,True,True,5.212,,,,,0.0,49.9,5.0,131.4,6.4,49.9,0.0,35.6
Mateusz Gamrot,Lightweight,70.0,70.5,Southpaw,26,4,8.0,6.0,12.0,0.0,1.0,3.0,51.3,38.3,76.9,2026-04-11,,35.0,W,nan,,,,,Esteban Ribovics,Poland,,True,True,5.224,3.399,2.682,5.215,,0.067,44.1,15.0,65.07,9.4,51.7,0.333,29.67
Quillan Salkilld,Lightweight,72.0,75.0,Orthodox,12,1,5.0,4.0,3.0,0.0,1.0,0.0,56.9,36.4,81.2,2026-05-02,,26.0,W,nan,,,,,Beneil Dariush,Australia,,True,True,6.164,,,,,0.429,36.0,7.0,52.0,7.86,56.1,0.0,17.43
Neil Magny,Welterweight,75.0,80.0,Orthodox,31,14,9.0,5.0,17.0,4.0,7.0,3.0,48.6,29.4,45.1,2025-12-14,,38.0,L,nan,,,,,Yaroslav Amosov,USA,,True,True,2.168,2.786,2.826,1.757,,0.042,33.5,24.0,76.75,3.54,50.3,0.375,31.92
Ramiz Brahimaj,Welterweight,70.0,72.0,Orthodox,13,6,1.0,12.0,0.0,1.0,0.0,5.0,48.7,34.5,44.8,2026-02-21,,33.0,L,DEC,,,,,Punahele Soriano,USA,,True,True,1.994,2.343,2.636,2.279,,0.1,29.5,10.0,35.3,2.9,55.4,0.1,24.6
Vicente Luque,Middleweight,71.0,75.5,Orthodox,24,12,11.0,10.0,3.0,2.0,3.0,7.0,50.9,48.3,65.4,2026-04-11,,34.0,W,nan,,,,,Kelvin Gastelum,Brazil,,True,True,0.887,3.373,5.664,1.077,,0.458,35.4,24.0,90.54,1.21,44.1,0.167,50.58
Tresean Gore,Middleweight,72.0,75.0,Switch,7,4,2.0,4.0,1.0,2.0,0.0,2.0,49.8,72.7,83.9,2026-04-04,,32.0,W,nan,,,,,Azamat Bekoev,USA,,True,True,1.912,2.578,8.127,1.02,,0.0,71.7,7.0,61.43,1.57,51.1,0.571,62.71
Chidi Njokuani,Welterweight,75.0,80.0,Orthodox,25,12,15.0,1.0,9.0,5.0,4.0,3.0,62.1,0.0,75.0,2026-02-21,,37.0,L,DEC,,,,,Carlos Leal,USA,,True,True,0.0,6.357,4.445,0.0,,0.286,0.0,14.0,62.43,0.5,60.2,0.071,24.43
Geoff Neal,Welterweight,71.0,75.0,Southpaw,16,8,10.0,2.0,4.0,3.0,2.0,3.0,50.9,45.5,87.5,2026-02-21,,35.0,L,KO/TKO,,,,,Uroš Medić,USA,,True,True,0.546,4.867,5.96,0.559,,0.474,40.6,19.0,72.37,0.58,51.2,0.158,40.32
Jeremiah Wells,Welterweight,69.0,74.0,Switch,13,4,5.0,4.0,4.0,0.0,1.0,3.0,46.0,46.7,50.0,2025-11-01,,39.0,W,DEC,,,,,Themba Gorimbo,USA,,True,True,3.064,2.183,1.246,3.026,,0.2,54.3,10.0,35.0,3.0,48.6,0.2,8.8
Myktybek Orolbai,Welterweight,70.0,74.0,Orthodox,16,2,7.0,6.0,3.0,0.0,0.0,2.0,50.0,59.0,40.0,2026-03-14,,28.0,W,nan,,,,,Chris Curtis,Kyrgyzstan,,True,True,8.773,3.331,3.487,5.008,,0.333,65.4,6.0,57.0,10.17,51.0,0.167,27.67
Edson Barboza,Lightweight,71.0,75.0,Orthodox,24,14,14.0,1.0,9.0,5.0,2.0,7.0,46.6,43.8,67.9,2025-12-06,,40.0,L,KO/TKO,,,,,Jalin Turner,Brazil,,True,True,0.431,4.482,6.385,0.356,,0.375,67.3,24.0,110.92,0.67,47.6,0.333,59.46
Esteban Ribovics,Lightweight,70.0,69.0,Orthodox,15,3,7.0,5.0,3.0,0.0,1.0,2.0,43.0,,66.1,2026-04-11,,30.0,L,nan,,,,,Mateusz Gamrot,Argentina,,True,True,0.353,8.591,7.178,0.238,,0.375,,8.0,182.5,0.38,41.1,0.125,63.0
Dustin Stoltzfus,Middleweight,72.0,75.0,Orthodox,16,8,3.0,6.0,7.0,2.0,2.0,4.0,45.2,37.5,46.7,2025-09-13,,34.0,L,DEC,,,,,Kelvin Gastelum,USA,,True,True,2.026,3.322,3.172,1.987,,0.182,35.7,11.0,71.64,3.64,46.7,0.273,31.73
Mansur Abdul-Malik,Middleweight,74.0,79.5,Orthodox,9,1,7.0,2.0,0.0,1.0,0.0,0.0,44.9,41.7,83.3,2026-03-28,,28.0,L,nan,,,,,Yousri Belgaroui,USA,,True,True,2.053,,,,,0.167,41.9,6.0,55.33,2.0,41.9,0.333,34.0
Jalin Turner,Lightweight,75.0,77.0,Southpaw,15,9,11.0,4.0,0.0,4.0,1.0,4.0,48.9,55.6,75.0,2025-12-06,,31.0,W,KO/TKO,,,,,Edson Barboza,USA,,True,True,0.635,5.937,4.64,0.488,,0.667,43.4,15.0,78.47,0.6,51.2,0.133,30.13
Kauê Fernandes,Lightweight,69.0,73.0,Orthodox,11,2,6.0,2.0,3.0,0.0,0.0,1.0,55.4,,76.9,2025-09-06,,31.0,W,KO/TKO,,,,,Harry Hardwick,Brazil,,True,True,1.181,4.849,1.592,1.239,,1.0,,4.0,73.5,0.75,55.5,0.0,13.5
Erin Blanchfield,Flyweight,64.0,66.0,Orthodox,14,2,2.0,5.0,7.0,0.0,0.0,2.0,44.4,34.0,78.3,,,27.0,,,,,,,,USA,,True,True,1.958,5.039,4.629,1.563,,0.0,29.7,10.0,144.8,4.7,41.5,0.0,52.1
Jasmine Jasudavicius,Flyweight,67.0,68.0,Orthodox,15,4,2.0,4.0,9.0,1.0,0.0,3.0,44.3,46.0,75.0,,,37.0,,,,,,,,Canada,,True,True,2.488,3.665,3.477,2.754,,0.077,50.6,13.0,99.85,4.85,43.1,0.0,44.15
Junior Tafa,Light Heavyweight,75.0,75.0,Orthodox,7,6,7.0,0.0,0.0,2.0,3.0,1.0,52.1,,72.7,2026-06-06,,29.0,L,nan,,,,,Iwo Baraniewski,Australia,,True,True,0.0,3.806,2.723,0.0,,0.222,,9.0,42.67,0.0,53.9,0.222,17.0
Ce Liu,Light Heavyweight,77.0,77.5,,3,1,3.0,0.0,0.0,1.0,0.0,0.0,,,,2026-05-23,,29.0,W,nan,,,,,Igor Barabanov,China,,True,True,,,,,,,,,,,,,
Kai Asakura,Bantamweight,68.0,69.0,Orthodox,22,6,14.0,3.0,5.0,3.0,2.0,1.0,34.3,,50.0,2026-05-30,,32.0,W,nan,,,,,Cameron Smotherman,Japan,,True,True,0.0,,,,,0.25,,4.0,34.25,0.0,33.5,0.0,15.5
Aoriqileng,Bantamweight,67.0,69.0,Orthodox,26,13,9.0,1.0,16.0,2.0,3.0,8.0,49.9,46.7,59.5,2026-05-30,,33.0,L,nan,,,,,Cody Haddon,China,,True,True,1.107,3.603,3.64,0.952,,0.3,44.1,10.0,83.5,1.5,51.1,0.4,53.7
Rei Tsuruya,Flyweight,66.0,68.0,Orthodox,11,1,4.0,5.0,2.0,0.0,0.0,1.0,46.2,25.0,,2026-05-30,,24.0,W,nan,,,,,Luis Gurule,Japan,,True,True,3.602,,,,,0.0,24.7,3.0,47.67,10.67,48.0,0.0,25.33
Kevin Borjas,Flyweight,65.0,68.0,Orthodox,11,5,8.0,0.0,3.0,2.0,0.0,2.0,42.9,0.0,72.7,2026-06-20,,28.0,W,nan,,,,,Andre Lima,Peru,,True,True,0.0,3.143,5.619,0.0,,0.429,0.0,7.0,117.14,1.57,42.7,0.286,68.43
Alex Perez,Flyweight,66.0,65.5,Orthodox,26,10,7.0,7.0,12.0,2.0,6.0,2.0,45.1,45.5,74.4,2026-05-30,,34.0,D,,,,,,Sumudaerji,USA,,True,True,2.128,4.636,3.275,1.896,,0.286,42.4,21.0,48.38,1.57,41.3,0.048,16.76
Sumudaerji,Flyweight,68.0,72.0,Southpaw,19,7,13.0,1.0,5.0,0.0,3.0,1.0,50.5,37.5,73.1,2026-05-30,,30.0,D,,,,,,Alex Perez,China,,True,True,0.762,4.252,2.012,1.211,,0.273,40.5,11.0,93.45,1.45,47.9,0.091,24.55
Yan Xiaonan,Women's Strawweight,65.0,63.0,Orthodox,19,5,8.0,1.0,10.0,1.0,1.0,3.0,45.1,73.3,64.9,2025-04-12,,37.0,L,DEC,,,,,Virna Jandiroba,China,,True,True,0.845,3.29,2.483,0.689,,0.133,82.3,15.0,135.33,1.0,48.3,0.0,42.07
Denise Gomes,Women's Strawweight,62.0,63.0,Orthodox,12,3,7.0,0.0,5.0,1.0,0.0,2.0,49.0,34.5,66.7,2025-11-08,,26.0,W,DEC,,,,,Tecia Pennington,Brazil,,True,True,1.694,4.091,3.11,2.074,,0.333,36.7,9.0,104.0,3.22,48.3,0.0,36.33
Song Yadong,Bantamweight,68.0,67.0,Orthodox,23,9,9.0,4.0,10.0,2.0,0.0,7.0,43.7,41.4,73.8,2026-05-30,,28.0,W,nan,,,,,Deiveson Figueiredo,China,,True,True,0.815,4.12,4.029,1.224,,0.412,41.1,17.0,129.06,1.71,44.6,0.0,49.53
Trevor Peek,Featherweight,69.0,70.0,Switch,9,3,8.0,0.0,1.0,0.0,0.0,3.0,54.0,50.0,52.7,2024-09-07,,31.0,L,DEC,,,,,Yanal Ashmouz,USA,,True,True,1.385,,,,,0.333,50.0,6.0,98.5,2.33,53.0,0.0,47.0
Kurtis Campbell,Featherweight,69.0,72.0,Switch,8,1,5.0,1.0,2.0,1.0,0.0,0.0,,40.0,,2026-03-21,,23.0,L,nan,,,,,Danny Silva,England,,True,True,,,,,,0.0,40.0,2.0,25.0,5.0,,1.0,9.0
Michael Page,Middleweight,75.0,79.0,Switch,25,3,13.0,3.0,9.0,1.0,0.0,2.0,56.5,0.0,68.4,2026-03-21,,39.0,W,nan,,,,,Sam Patterson,default,,True,True,0.0,2.219,1.751,0.0,,0.0,0.0,7.0,40.71,0.71,54.8,0.0,16.86
Nursulton Ruziboev,Middleweight,77.0,76.0,Orthodox,37,9,13.0,21.0,3.0,1.0,1.0,7.0,46.5,80.0,33.3,2026-06-27,,32.0,W,nan,,,,,Andrey Pulyaev,Uzbekistan,,True,True,1.361,2.573,2.546,0.668,,0.5,82.6,6.0,37.67,0.83,46.9,0.167,19.67
Ryan Spann,Heavyweight,77.0,79.0,Orthodox,24,11,7.0,14.0,3.0,5.0,3.0,3.0,39.7,34.8,59.4,2026-04-25,,34.0,W,nan,,,,,Marcus Buchecha,USA,,True,True,1.215,,,,,0.389,33.7,18.0,43.28,1.28,37.4,0.278,21.67
Mario Pinto,Heavyweight,77.0,79.0,Orthodox,12,0,7.0,1.0,4.0,0.0,0.0,0.0,69.8,26.3,,2026-03-21,,28.0,W,nan,,,,,Felipe Franco,Portugal,,True,True,2.515,,,,,0.5,24.9,4.0,32.25,4.75,68.2,0.25,15.25
Henrique da Silva Lopes,Heavyweight,75.0,,,5,2,5.0,0.0,0.0,1.0,1.0,0.0,,,,2019-08-23,,41.0,L,nan,,,,,Hugo Cunha,Brazil,,True,True,,,,,,,,,,,,,
Dan Hooker,Lightweight,72.0,75.0,Switch,24,14,11.0,7.0,6.0,4.0,4.0,6.0,48.8,30.0,76.0,2026-01-31,,36.0,L,KO/TKO,,,,,Benoît Saint Denis,New Zealand,,False,True,0.679,4.307,4.704,0.397,,0.375,21.1,24.0,98.54,1.25,51.2,0.083,49.04
Salahdine Parnasse,Lightweight,68.0,69.0,,23,2,8.0,7.0,8.0,1.0,0.0,1.0,,,,2026-05-16,,28.0,W,nan,,,,,Kenneth Cross,France,,False,True,,,,,,0.0,,2.0,0.0,0.0,,0.0,0.0
Stephanie Luciano,Women's Strawweight,66.0,65.0,Orthodox,8,2,2.0,2.0,4.0,0.0,0.0,2.0,42.9,66.7,81.0,2026-08-01,,26.0,W,SUB,,,,,Marina Spasić,Brazil,0.0,True,True,,4.982,3.205,1.715,,0.2,63.6,5.0,149.8,1.8,41.7,0.0,40.2
Marina Spasić,Women's Strawweight,64.0,,,7,2,6.0,0.0,1.0,0.0,1.0,1.0,,,,2026-08-01,,32.0,L,SUB,,,,,Stephanie Luciano,Serbia,0.0,True,True,,,,,,0.0,,1.0,53.0,0.0,,0.0,20.0
Alexander Poppeck,Heavyweight,74.0,,Orthodox,21,6,13.0,1.0,7.0,2.0,2.0,2.0,,,,2026-08-01,,34.0,L,KO/TKO,,,,,Jovan Leka,Germany,0.0,True,True,,,,,,0.0,,2.0,42.0,2.0,,0.5,51.5
Borislav Nikolic,Bantamweight,69.0,72.0,Orthodox,16,2,7.0,8.0,2.0,0.0,1.0,1.0,38.8,,62.5,2026-08-01,,33.0,W,DEC,,,,,Mark Vologdin,Serbia,0.0,True,True,,,,,,0.0,,1.0,147.0,1.0,38.8,1.0,42.0
Milos Janicic,Lightweight,71.0,72.5,,19,4,11.0,8.0,0.0,1.0,1.0,2.0,,,,2026-08-01,,29.0,L,SUB,,,,,Noah Gugnon,Montenegro,0.0,True,True,,,,,,0.0,,1.0,19.0,0.0,,0.0,5.0
Noah Gugnon,Lightweight,70.0,68.5,,10,2,6.0,4.0,0.0,1.0,0.0,1.0,,,,2026-08-01,,25.0,W,SUB,,,,,Milos Janicic,France,0.0,True,True,,,,,,0.0,,1.0,11.0,0.0,,0.0,6.0
Billy Ray Goff,Welterweight,70.0,72.0,Switch,9,4,7.0,0.0,2.0,1.0,1.0,2.0,46.1,11.5,66.7,2025-05-31,,28.0,L,SUB,,,,,Ramiz Brahimaj,USA,,False,True,,,,,,0.4,4.9,5.0,94.6,5.2,45.6,0.6,52.4
Ty Miller,Welterweight,74.0,77.0,Orthodox,7,0,3.0,0.0,4.0,0.0,0.0,0.0,46.9,,91.7,2026-01-24,,26.0,W,KO/TKO,,,,,Adam Fugitt,USA,,False,True,,,,,,1.0,,3.0,196.0,0.0,49.3,0.0,39.33
Juliana Miller,Women's Flyweight,67.0,66.0,Orthodox,5,4,1.0,3.0,1.0,1.0,0.0,3.0,41.3,31.4,44.4,2026-02-21,,30.0,L,DEC,,,,,Carli Judice,USA,,False,True,,,,,,0.0,27.8,6.0,76.67,5.83,38.8,0.0,44.33
Ravena Oliveira,Women's Flyweight,65.0,65.0,Orthodox,7,4,6.0,1.0,0.0,1.0,2.0,1.0,31.0,,47.1,2026-03-21,,29.0,L,nan,,,,,Shanelle Dyer,Brazil,,False,True,,,,,,0.0,,4.0,58.0,1.0,30.0,0.0,37.75
Darren Elkins,Featherweight,70.0,71.0,Orthodox,29,12,9.0,6.0,14.0,5.0,1.0,6.0,39.0,32.6,56.4,2025-04-12,,42.0,L,KO/TKO,,,,,Julian Erosa,USA,,False,True,,,,,,0.08,29.1,25.0,103.04,6.88,39.9,0.28,42.6
Yadier del Valle,Featherweight,69.0,69.0,Southpaw,10,1,2.0,4.0,4.0,0.0,0.0,1.0,61.4,42.9,61.5,2026-02-21,,29.0,L,DEC,,,,,Jordan Leavitt,Cuba,,False,True,,,,,,0.2,45.3,5.0,49.8,1.4,58.5,0.0,15.8
Eric McConico,Middleweight,72.0,77.0,Southpaw,11,4,4.0,3.0,4.0,4.0,0.0,0.0,46.9,,69.0,2026-04-25,,36.0,W,nan,,,,,Rodolfo Vieira,USA,,False,True,,,,,,0.0,,4.0,73.5,0.5,47.8,1.0,36.0
Donte Johnson,Middleweight,68.0,74.0,Southpaw,8,0,6.0,1.0,1.0,0.0,0.0,0.0,48.3,,75.0,2026-03-07,,27.0,W,DEC,,,,,Cody Brundage,USA,,False,True,,,,,,0.333,,3.0,48.33,1.0,47.4,0.0,15.0
Sean Woodson,Featherweight,74.0,78.0,Orthodox,13,2,4.0,1.0,8.0,1.0,1.0,0.0,46.5,55.6,84.7,2025-04-12,,34.0,L,KO/TKO,,,,,Dan Ige,USA,,,True,,,,,,0.364,48.1,11.0,141.73,0.82,47.2,0.182,49.45
Jack Jenkins,Featherweight,67.0,68.0,Switch,14,4,6.0,3.0,5.0,1.0,3.0,0.0,61.1,60.0,71.9,2025-09-27,,32.0,W,DEC,,,,,Ramon Taveras,Australia,,,True,,,,,,0.429,52.9,7.0,94.86,2.86,60.7,0.0,38.29
Luis Felipe Dias,Middleweight,71.0,74.0,Orthodox,18,5,9.0,8.0,1.0,2.0,1.0,2.0,,57.1,66.7,2026-05-30,,31.0,W,nan,,,,,Yi Sak Lee,Brazil,,,True,,,,,,0.5,57.1,2.0,42.0,3.5,,0.0,18.0
Matthieu Letho Duclos,Middleweight,75.0,77.0,Orthodox,6,3,5.0,0.0,1.0,2.0,1.0,0.0,,,,2024-08-28,,31.0,L,nan,,,,,Marco Tulio,France,,,True,,,,,,0.0,,1.0,81.0,0.0,,2.0,52.0
Morgan Charrière,Featherweight,68.0,69.0,Orthodox,21,12,13.0,3.0,5.0,1.0,1.0,10.0,50.0,46.7,83.3,2025-12-14,,30.0,L,nan,,,,,Melquizael Costa,France,,,True,,,,,,0.5,45.6,6.0,68.33,2.5,49.9,0.333,38.33
Felipe Lima,Featherweight,66.0,68.0,Orthodox,14,2,4.0,3.0,7.0,0.0,1.0,1.0,45.0,27.3,85.7,2025-06-28,,28.0,L,DEC,,,,,Payton Talbott,Brazil,,,True,,,,,,0.0,25.7,3.0,87.33,7.33,44.6,0.0,40.0
Nathaniel Wood,Featherweight,66.0,69.0,Orthodox,23,6,8.0,5.0,10.0,2.0,2.0,2.0,51.1,48.6,73.3,2026-03-21,,33.0,W,nan,,,,,Losene Keita,England,,,True,,,,,,0.333,45.7,15.0,139.4,2.33,51.9,0.2,53.73
Mairon Santos,Featherweight,67.0,72.0,Orthodox,18,1,9.0,0.0,9.0,1.0,0.0,0.0,48.1,,69.2,2025-12-06,,26.0,W,KO/TKO,,,,,Muhammad Naimov,Brazil,,,True,,,,,,0.5,,4.0,81.0,0.5,48.9,0.0,26.25
Miles Johns,,67.0,68.0,Orthodox,15,5,4.0,2.0,9.0,1.0,2.0,2.0,44.7,26.4,77.5,2025-11-08,,32.0,L,SUB,,,,,Daniel Marcos,,,,,,,,,,0.235,32.1,17.0,77.53,3.12,42.0,0.118,30.59
Manoel Sousa,,69.0,70.0,Orthodox,14,1,9.0,3.0,2.0,0.0,0.0,1.0,48.6,20.0,73.7,2026-03-14,,29.0,W,nan,,,,,Bolaji Oki,,,,,,,,,,1.0,24.2,3.0,123.33,1.67,48.7,0.0,49.0
Jessie Rosas,,69.0,,,8,1,2.0,4.0,2.0,0.0,1.0,0.0,,,,2026-06-07,,23.0,W,nan,,,,,Erick Ruano,,,,,,,,,,,,,,,,,
Richie Miranda,,69.0,74.0,,13,1,5.0,3.0,5.0,0.0,0.0,1.0,38.7,11.1,,2026-05-22,,,W,nan,,,,,Robert Varricchio,,,,,,,,,,0.0,11.1,1.0,119.0,9.0,38.7,1.0,67.0
Brandon Moreno,,67.0,70.0,Orthodox,23,10,5.0,11.0,7.0,1.0,0.0,9.0,44.4,39.7,65.3,2026-02-28,,32.0,L,DEC,,,,,Lone'er Kavanagh,,,,,,,,,,0.2,22.6,20.0,147.3,3.9,47.8,0.25,62.1
Tim Elliott,,67.0,66.0,Southpaw,22,14,3.0,8.0,11.0,1.0,6.0,7.0,44.0,46.3,59.3,2026-05-02,,39.0,L,nan,,,,,Steve Erceg,,,,,,,,,,0.048,33.4,21.0,88.76,5.86,38.0,0.0,32.95
Curtis Blaydes,,76.0,80.0,Orthodox,19,6,13.0,0.0,6.0,5.0,0.0,1.0,52.1,47.8,35.0,2026-04-11,,35.0,L,nan,,,,,Josh Hokit,,,,,,,,,,0.091,26.0,22.0,70.55,6.27,55.8,0.227,24.27
Manon Fiorot,,67.0,65.0,Orthodox,13,2,7.0,0.0,6.0,0.0,0.0,2.0,42.0,29.0,87.5,2025-10-18,,36.0,W,KO/TKO,,,,,Jasmine Jasudavicius,,,,,,,,,,0.111,17.1,9.0,191.89,3.44,42.7,0.111,51.0
Kelvin Gastelum,,69.0,71.5,Southpaw,21,11,6.0,6.0,9.0,0.0,4.0,7.0,42.2,33.3,61.4,2026-04-11,,34.0,L,nan,,,,,Vicente Luque,,,,,,,,,,0.375,47.2,24.0,120.75,2.5,43.2,0.375,48.79
JJ Aldrich,,65.0,67.5,Southpaw,15,7,3.0,0.0,12.0,1.0,2.0,4.0,46.1,25.6,67.5,2026-04-18,,33.0,W,nan,,,,,Jamey-Lyn Horth,,,,,,,,,,0.0,21.4,19.0,105.21,2.26,45.4,0.0,53.79
Joseph Morales,,66.0,68.0,Switch,15,2,2.0,8.0,5.0,1.0,0.0,1.0,40.5,42.9,26.7,2025-11-08,,31.0,W,SUB,,,,,Matt Schnell,,,,,,,,,,0.2,40.3,5.0,39.0,1.4,45.4,0.2,16.2
Édgar Cháirez,,67.0,71.0,Orthodox,14,6,4.0,9.0,1.0,0.0,2.0,4.0,46.1,,47.6,2026-06-06,,30.0,W,nan,,,,,Bruno Silva,,,,,,,,,,0.375,,8.0,74.25,0.25,47.0,0.0,42.88
Waldo Cortes Acosta,,76.0,78.0,Orthodox,17,3,9.0,1.0,7.0,0.0,0.0,3.0,48.6,50.0,73.9,2026-05-09,,34.0,L,nan,,,,,Alexander Volkov,,,,,,,,,,0.5,48.1,14.0,117.86,0.57,48.4,0.0,38.86
Alexa Grasso,,65.0,66.0,Orthodox,17,5,5.0,2.0,10.0,0.0,1.0,4.0,41.3,35.3,55.1,2026-03-28,,32.0,W,nan,,,,,Maycee Barber,,,,,,,,,,0.1,24.4,20.0,101.7,0.85,36.3,0.0,38.55
Yousri Belgaroui,,78.0,79.0,Orthodox,10,3,8.0,0.0,2.0,0.0,0.0,3.0,64.2,,66.7,2026-03-28,,34.0,W,nan,,,,,Mansur Abdul-Malik,,,,,,,,,,0.75,,4.0,123.75,0.25,65.2,0.0,28.25
Regina Tarin,,67.0,66.0,Southpaw,8,0,4.0,2.0,2.0,0.0,0.0,0.0,47.7,,,2026-02-28,,21.0,W,DEC,,,,,Ernesta Kareckaite,,,,,,,,,,0.0,,1.0,239.0,3.0,47.7,0.0,105.0
Gianni Vazquez,Featherweight,67.0,71.0,Orthodox,14,5,5.0,3.0,6.0,0.0,2.0,3.0,23.3,,62.5,2026-05-09,,32.0,W,nan,,,,,Kamron Ortikov,Mexico,1.0,,,,,,,1.0,0.0,,2.0,66.5,0.0,23.5,1.0,35.5
Gigi Canuto,Strawweight,62.0,64.0,Orthodox,7,1,1.0,5.0,1.0,0.0,0.0,1.0,52.3,57.1,,2026-01-16,,23.0,W,nan,,,,,Janaina Silva,Brazil,,,,,,,,,0.0,57.1,1.0,107.0,7.0,52.3,0.0,106.0
Carol Foro,Strawweight,62.0,61.5,Orthodox,9,1,6.0,1.0,2.0,0.0,0.0,1.0,57.9,,77.8,2025-09-10,,29.0,W,nan,,,,,Shanelle Dyer,Brazil,,,,,,,,,1.5,,2.0,192.5,0.0,58.6,0.0,85.5
Charles Johnson,,69.0,70.0,Switch,19,9,8.0,3.0,8.0,1.0,1.0,7.0,49.8,16.7,66.7,2026-06-27,,35.0,L,nan,,,,,Asu Almabayev,,,,,,,,,,0.25,13.7,16.0,108.94,2.25,48.8,0.188,46.38
Rafael Tobias,,74.0,74.5,Orthodox,14,2,5.0,6.0,3.0,1.0,0.0,1.0,36.4,33.3,,2026-03-07,,23.0,L,DEC,,,,,Diyar Nurgozhay,,,,,,,,,,0.0,31.9,2.0,71.5,4.5,36.7,0.0,54.5
Namsrai Batbayar,,64.0,68.0,Orthodox,9,1,4.0,5.0,0.0,0.0,1.0,0.0,,,,2025-08-22,,25.0,W,nan,,,,,Agulali,,,,,,,,,,,,,,,,,
Jingnan Xiong,,65.0,64.0,Switch,19,3,10.0,1.0,8.0,0.0,1.0,2.0,34.3,,,2026-05-30,,38.0,L,nan,,,,,Angela Hill,,,,,,,,,,0.0,,7.0,28.29,0.0,34.3,0.0,17.43
Yair Rodriguez,,71.0,71.0,Orthodox,21,5,9.0,5.0,7.0,3.0,1.0,1.0,46.9,29.4,59.4,2025-04-12,,33.0,W,DEC,,,,,Patricio Pitbull,,,,,,,,,,0.263,39.5,19.0,110.32,1.79,51.6,0.0,42.16
Ignacio Bahamondes,,75.0,75.0,Orthodox,17,7,11.0,2.0,4.0,0.0,2.0,5.0,46.2,0.0,70.3,2026-03-28,,28.0,L,nan,,,,,Tofiq Musayev,,,,,,,,,,0.545,0.0,11.0,140.55,0.82,45.3,0.0,44.09
Jose Ochoa,,67.0,67.0,Southpaw,9,2,7.0,1.0,1.0,0.0,0.0,2.0,47.0,,65.5,2026-05-09,,25.0,W,nan,,,,,Clayton Carpenter,,,,,,,,,,0.5,,4.0,137.75,1.0,50.0,0.0,37.5
Joel Álvarez,,75.0,77.0,Orthodox,23,4,5.0,17.0,1.0,2.0,1.0,1.0,54.5,,46.4,2026-05-09,,33.0,L,nan,,,,,Yaroslav Amosov,,,,,,,,,,0.091,,11.0,64.0,0.27,60.0,0.0,23.36
Lucas Fernando,,75.0,81.5,,13,3,7.0,2.0,4.0,0.0,0.0,3.0,,30.0,,2026-05-29,,29.0,W,nan,,,,,Leon Soares,,,,,,,,,,0.0,30.0,1.0,54.0,10.0,,0.0,71.0
Andre Lima,,67.0,67.5,Orthodox,11,1,5.0,1.0,5.0,0.0,0.0,1.0,57.0,60.0,75.9,2026-06-20,,27.0,L,nan,,,,,Kevin Borjas,,,,,,,,,,0.0,49.0,6.0,93.33,1.67,54.8,0.0,35.83
Julia Polastri,,62.0,64.0,Orthodox,14,6,5.0,3.0,6.0,0.0,0.0,6.0,56.6,80.0,57.6,2026-04-25,,28.0,L,nan,,,,,Talita Alencar,,,,,,,,,,0.0,76.1,7.0,152.29,0.71,58.4,0.0,71.86
Jean Silva,,67.0,69.0,Orthodox,17,3,12.0,3.0,2.0,1.0,0.0,2.0,51.9,60.0,78.8,2026-01-24,,29.0,W,DEC,,,,,Arnold Allen,,,,,,,,,,0.625,63.9,8.0,86.88,1.25,51.9,0.125,42.12
Dan Ige,,67.0,71.0,Orthodox,19,11,7.0,5.0,7.0,1.0,0.0,10.0,45.2,26.2,56.1,2026-02-21,,35.0,L,KO/TKO,,,,,Melquizael Costa,,,,,,,,,,0.364,24.5,22.0,99.23,2.95,43.9,0.136,44.36
Muslim Salikhov,,71.0,70.0,Orthodox,22,6,15.0,2.0,5.0,3.0,2.0,1.0,49.7,32.1,72.4,2025-11-08,,42.0,L,KO/TKO,,,,,Uroš Medić,,,,,,,,,,0.312,23.7,16.0,53.75,1.75,49.4,0.188,23.44
