event_name,event_date,card_position,weight_class,fighter_a,fighter_b,event_start_time_et,is_womens_division,event_location,event_main_card_time_et,replacement,replaced_fighter,cancelled,manually_added,bout_order
UFC Fight Night: Allen vs. Duncan,2026-10-10,Main Event,Middleweight,Brendan Allen,Christian Leroy Duncan,17:00,False,"Meta APEX, Las Vegas, NV",20:00,,,,,1.0
UFC Fight Night: Allen vs. Duncan,2026-10-10,Co-Main Event,Lightweight,Matheus Camilo,Jai Herbert,17:00,False,"Meta APEX, Las Vegas, NV",20:00,,,,,11.0
UFC Fight Night: Allen vs. Duncan,2026-10-10,Main Card,Women's Strawweight,Loopy Godínez,Ketlen Souza,17:00,True,"Meta APEX, Las Vegas, NV",20:00,,,,,10.0
UFC Fight Night: Allen vs. Duncan,2026-10-10,Main Card,Featherweight,Andre Fili,Kai Kamaka III,17:00,False,"Meta APEX, Las Vegas, NV",20:00,,,,,9.0
UFC Fight Night: Allen vs. Duncan,2026-10-10,Main Card,Bantamweight,Malcolm Wellmaker,Otari Tanzilovi,17:00,False,"Meta APEX, Las Vegas, NV",20:00,,,,,7.0
UFC Fight Night: Allen vs. Duncan,2026-10-10,Prelims,Light Heavyweight,Julius Walker,Gerald Meerschaert,17:00,False,"Meta APEX, Las Vegas, NV",20:00,,,,,8.0
UFC Fight Night: Allen vs. Duncan,2026-10-10,Prelims,Welterweight,Francisco Prado,Ismael Bonfim,17:00,False,"Meta APEX, Las Vegas, NV",20:00,,,,,1.0
UFC Fight Night: Allen vs. Duncan,2026-10-10,Prelims,Welterweight,Niko Price,Leon Shahbazyan,17:00,False,"Meta APEX, Las Vegas, NV",20:00,,,,,5.0
UFC Fight Night: Allen vs. Duncan,2026-10-10,Prelims,Light Heavyweight,Felipe Franco,Brendson Ribeiro,17:00,False,"Meta APEX, Las Vegas, NV",20:00,,,,,4.0
UFC Fight Night: Allen vs. Duncan,2026-10-10,Prelims,Heavyweight,Allen Frye Jr.,RJ Harris,17:00,False,"Meta APEX, Las Vegas, NV",20:00,,,,,3.0
UFC Fight Night: Allen vs. Duncan,2026-10-10,Prelims,Women's Bantamweight,Alice Pereira,Daria Zhelezniakova,17:00,True,"Meta APEX, Las Vegas, NV",20:00,,,,,2.0
UFC Fight Night: Allen vs. Duncan,2026-10-10,Prelims,Women's Flyweight,Ernesta Kareckaite,Melissa Gatto,17:00,True,"Meta APEX, Las Vegas, NV",20:00,,,,,1.0
