name,date,weight_class
Kamaru Usman,2021-04-24,Welterweight
Kamaru Usman,2023-10-21,Middleweight
Kamaru Usman,2025-06-14,Welterweight
Jared Cannonier,2024-08-17,Middleweight
Jared Cannonier,2025-02-15,Middleweight
Jared Cannonier,2026-03-07,Middleweight
Ilia Topuria,2024-10-26,Featherweight
Ilia Topuria,2025-06-28,Lightweight
Ilia Topuria,2026-06-14,Lightweight
Alex Pereira,2025-03-08,Light Heavyweight
Alex Pereira,2025-10-04,Light Heavyweight
Alex Pereira,2026-06-14,Heavyweight
Max Holloway,2024-10-26,Featherweight
Max Holloway,2026-03-07,Featherweight
Max Holloway,2026-07-11,Welterweight
Jamahal Hill,2026-06-01,Light Heavyweight
Charles Oliveira,2026-06-01,Lightweight
Leon Edwards,2026-06-01,Welterweight
Belal Muhammad,2026-06-01,Welterweight
Sean Strickland,2026-06-01,Middleweight
Dricus Du Plessis,2026-06-01,Middleweight
Tom Aspinall,2026-06-01,Heavyweight
Conor McGregor,2026-06-01,Welterweight
Paddy Pimblett,2026-06-01,Lightweight
Benoit Saint-Denis,2026-06-01,Lightweight
Cory Sandhagen,2026-06-01,Bantamweight
Mario Bautista,2026-06-01,Bantamweight
Brandon Royval,2026-06-01,Flyweight
Lone'er Kavanagh,2026-06-01,Flyweight
King Green,2026-06-01,Lightweight
Terrance McKinney,2026-06-01,Lightweight
Robert Whittaker,2026-06-01,Middleweight
Nikita Krylov,2026-06-01,Light Heavyweight
Gable Steveson,2026-06-01,Heavyweight
Elisha Ellison,2026-06-01,Heavyweight
Cody Garbrandt,2026-06-01,Bantamweight
Adrian Yanez,2026-06-01,Bantamweight
Luke Riley,2026-06-01,Featherweight
Kai Kamaka III,2026-06-01,Featherweight
Cesar Almeida,2026-06-01,Middleweight
Damian Pinas,2026-06-01,Middleweight
Ryan Gandra,2026-06-01,Middleweight
Zach Reese,2026-06-01,Middleweight
Christian Leroy Duncan,2026-06-01,Middleweight
Magomed Ankalaev,2026-06-01,Light Heavyweight
Khalil Rountree Jr.,2026-06-01,Light Heavyweight
Umar Nurmagomedov,2026-06-01,Bantamweight
David Martinez,2026-06-01,Bantamweight
Ian Machado Garry,2026-06-01,Welterweight
Mackenzie Dern,2026-06-01,Strawweight
Gillian Robertson,2026-06-01,Strawweight
Farid Basharat,2026-06-01,Bantamweight
Alessandro Costa,2026-06-01,Flyweight
Cody Durden,2026-06-01,Flyweight
Tracy Cortez,2026-06-01,Flyweight
Cong Wang,2026-06-01,Flyweight
John Garza,2026-06-01,Bantamweight
Islam Makhachev,2024-10-26,Lightweight
Islam Makhachev,2025-01-18,Lightweight
Islam Makhachev,2025-11-15,Welterweight
Dricus Du Plessis,2026-07-18,Middleweight
Kamaru Usman,2026-07-18,Middleweight
Dricus Du Plessis,2026-07-18,Middleweight
Kamaru Usman,2026-07-18,Middleweight
Damien Anderson,2026-02-15,Bantamweight
Austin Bashi,2026-07-18,Featherweight
Jose Delgado,2026-07-18,Featherweight
Jean-Paul Lebosnoyani,2026-07-18,Welterweight
Seokhyeon Ko,2026-07-18,Welterweight
Felipe Franco,2026-07-18,Light Heavyweight
Levi Rodrigues Jr.,2026-07-18,Light Heavyweight
Ezra Elliott,2026-07-18,Featherweight
Damien Anderson,2026-07-18,Featherweight
Alden Coria,2026-07-18,Flyweight
Stewart Nicoll,2026-07-18,Flyweight
RJ Harris,2026-07-18,Heavyweight
Alvin Hines,2026-07-18,Heavyweight
Dione Barbosa,2026-07-18,Women's Flyweight
Anna Melisano,2026-07-18,Women's Flyweight
Dricus Du Plessis,2026-07-18,Middleweight
Kamaru Usman,2026-07-18,Middleweight
Jared Cannonier,2026-07-18,Middleweight
Christian Leroy Duncan,2026-07-18,Middleweight
Chase Hooper,2026-07-18,Lightweight
Mitch Ramirez,2026-07-18,Lightweight
Tabatha Ricci,2026-07-18,Women's Strawweight
Fatima Kline,2026-07-18,Women's Strawweight
Tommy McMillen,2026-07-18,Featherweight
Alberto Montes,2026-07-18,Featherweight
Stephanie Luciano,2026-08-01,Women's Strawweight
Marina Spasić,2026-08-01,Women's Strawweight
Jovan Leka,2026-08-01,Heavyweight
Alexander Poppeck,2026-08-01,Heavyweight
Nina Milošević,2026-08-01,Women's Bantamweight
Hailey Cowan,2026-08-01,Women's Bantamweight
Mateusz Rębecki,2026-08-01,Lightweight
Kyle Prepolec,2026-08-01,Lightweight
Bogdan Grad,2026-08-01,Featherweight
Dennis Buzukja,2026-08-01,Featherweight
Borislav Nikolic,2026-08-01,Bantamweight
Mark Vologdin,2026-08-01,Bantamweight
Michael Oliveira,2026-08-01,Welterweight
Oban Elliott,2026-08-01,Welterweight
Tofiq Musayev,2026-08-01,Lightweight
Ludovit Klein,2026-08-01,Lightweight
Noah Gugnon,2026-08-01,Lightweight
Milos Janicic,2026-08-01,Lightweight
Gilbert Urbina,2026-08-01,Middleweight
Vlasto Čepo,2026-08-01,Middleweight
Robert Valentin,2026-08-01,Middleweight
Duško Todorović,2026-08-01,Middleweight
Aleksandar Rakic,2026-08-01,Heavyweight
Marcin Tybura,2026-08-01,Heavyweight
Navajo Stirling,2026-08-01,Light Heavyweight
Jan Blachowicz,2026-08-01,Light Heavyweight
Uroš Medić,2026-08-01,Welterweight
Daniel Rodriguez,2026-08-01,Welterweight
Jeremiah Wells,2026-08-15,Welterweight
Myktybek Orolbai,2026-08-15,Welterweight
Neil Magny,2026-08-15,Welterweight
Ramiz Brahimaj,2026-08-15,Welterweight
Lucas Fernando,2026-08-15,Light Heavyweight
Rafael Tobias,2026-08-15,Light Heavyweight
Tresean Gore,2026-08-15,Middleweight
Vicente Luque,2026-08-15,Middleweight
Donte Johnson,2026-08-15,Middleweight
Eric McConico,2026-08-15,Middleweight
Charles Johnson,2026-08-15,Catchweight
Eduardo Chapolin,2026-08-15,Catchweight
Chidi Njokuani,2026-08-15,Welterweight
Joel Álvarez,2026-08-15,Welterweight
Esteban Ribovics,2026-08-15,Lightweight
Edson Barboza,2026-08-15,Lightweight
Dustin Stoltzfus,2026-08-15,Middleweight
Mansur Abdul-Malik,2026-08-15,Middleweight
Jalin Turner,2026-08-15,Lightweight
Kauê Fernandes,2026-08-15,Lightweight
Mackenzie Dern,2026-08-15,Strawweight
Gillian Robertson,2026-08-15,Strawweight
Islam Makhachev,2026-08-15,Welterweight
Ian Machado Garry,2026-08-15,Welterweight
Shanelle Dyer,2026-08-22,Women's Strawweight
Elise Reed,2026-08-22,Women's Strawweight
Jackson McVey,2026-08-22,Middleweight
Wes Schultz,2026-08-22,Middleweight
Stan Dorsainvil,2026-08-22,Lightweight
Gauge Young,2026-08-22,Lightweight
Marcio Barbosa,2026-08-22,Featherweight
Ryan Kuse,2026-08-22,Featherweight
Chris Padilla,2026-08-22,Lightweight
Nasrat Haqparast,2026-08-22,Lightweight
Shamil Gaziev,2026-08-22,Heavyweight
Kennedy Nzechukwu,2026-08-22,Heavyweight
Jamall Emmers,2026-08-22,Featherweight
Lerryan Douglas,2026-08-22,Featherweight
Anthony Wint,2026-08-22,Heavyweight
Terrance Chatman,2026-08-22,Heavyweight
Carli Judice,2026-08-22,Women's Strawweight
Jeisla Chaves,2026-08-22,Women's Strawweight
MarQuel Mederos,2026-08-22,Lightweight
Mason Jones,2026-08-22,Lightweight
Reinier de Ridder,2026-08-22,Light Heavyweight
Roman Dolidze,2026-08-22,Light Heavyweight
Vitor Petrino,2026-08-22,Heavyweight
Serghei Spivac,2026-08-22,Heavyweight
Gregory Rodrigues,2026-08-22,Middleweight
Anthony Hernandez,2026-08-22,Middleweight
Sumudaerji,2026-08-29,Flyweight
Alex Perez,2026-08-29,Flyweight
Kai Asakura,2026-08-29,Bantamweight
Aoriqileng,2026-08-29,Bantamweight
Denise Gomes,2026-08-29,Women's Strawweight
Yan Xiaonan,2026-08-29,Women's Strawweight
Song Yadong,2026-08-29,Bantamweight
Umar Nurmagomedov,2026-08-29,Bantamweight
Delphine Benouaich,2026-09-05,Women's Strawweight
Sofia Montenegro,2026-09-05,Women's Strawweight
Matthieu Letho Duclos,2026-09-05,Middleweight
Luis Felipe Dias,2026-09-05,Middleweight
Nora Cornolle,2026-09-05,Women's Bantamweight
Klaudia Syguła,2026-09-05,Women's Bantamweight
Fabia Sintes,2026-09-05,Flyweight
Michael Aljarouj,2026-09-05,Flyweight
Pavel Andrusca,2026-09-05,Featherweight
Nathaniel Wood,2026-09-05,Featherweight
