event_name,event_date,card_position,weight_class,fighter_a,fighter_b,event_start_time_et,is_womens_division,event_location,event_main_card_time_et,replacement,replaced_fighter,cancelled,manually_added,bout_order,_orphan_streak
UFC Fight Night: Buckley vs. Malott,2026-10-17,Main Event,Welterweight,Joaquin Buckley,Mike Malott,17:00,False,"Rogers Place, Edmonton, AB",20:00,,,,,10.0,
UFC Fight Night: Buckley vs. Malott,2026-10-17,Co-Main Event,Women's Flyweight,Erin Blanchfield,Jasmine Jasudavicius,17:00,True,"Rogers Place, Edmonton, AB",20:00,,,,,8.0,
UFC Fight Night: Buckley vs. Malott,2026-10-17,Main Card,Middleweight,Marc-Andre Barriault,Kyle Daukaus,17:00,False,"Rogers Place, Edmonton, AB",20:00,,,,,7.0,
UFC Fight Night: Buckley vs. Malott,2026-10-17,Main Card,Bantamweight,Louis Jourdain,Timmy Cuamba,17:00,False,"Rogers Place, Edmonton, AB",20:00,True,Charles Jourdain,,,3.0,
UFC Fight Night: Buckley vs. Malott,2026-10-17,Main Card,Lightweight,Mandel Nallo,Nate Landwehr,17:00,False,"Rogers Place, Edmonton, AB",20:00,,,,,9.0,
UFC Fight Night: Buckley vs. Malott,2026-10-17,Prelims,Heavyweight,Tanner Boser,Jhonata Diniz,17:00,False,"Rogers Place, Edmonton, AB",20:00,,,,,6.0,
UFC Fight Night: Buckley vs. Malott,2026-10-17,Prelims,Middleweight,Julien LeBlanc,Gilbert Urbina,17:00,False,"Rogers Place, Edmonton, AB",20:00,,,,,2.0,
UFC Fight Night: Buckley vs. Malott,2026-10-17,Prelims,Bantamweight,Charles Jourdain,Timmy Cuamba,17:00,False,"Rogers Place, Edmonton, AB",20:00,,,True,,,
UFC Fight Night: Buckley vs. Malott,2026-10-17,Prelims,Heavyweight,Javad Mahjoub,Louie Sutherland,17:00,False,"Rogers Place, Edmonton, AB",20:00,,,,,1.0,
UFC Fight Night: Buckley vs. Malott,2026-10-17,Prelims,Women's Flyweight,Jamey-Lyn Horth,Katlyn Cerminara,17:00,True,"Rogers Place, Edmonton, AB",20:00,,,,,5.0,
UFC Fight Night: Buckley vs. Malott,2026-10-17,Prelims,Bantamweight,Chad Anheliger,Steven Koslow,17:00,False,"Rogers Place, Edmonton, AB",20:00,,,,,1.0,
UFC Fight Night: Buckley vs. Malott,2026-10-17,Prelims,Women's Bantamweight,Melissa Croden,Chelsea Chandler,17:00,True,"Rogers Place, Edmonton, AB",20:00,,,,,4.0,
UFC Fight Night: Buckley vs. Malott,2026-10-17,Prelims,Bantamweight,Cody Chovancek,SuYoung You,17:00,False,"Rogers Place, Edmonton, AB",20:00,,,,,1.0,
UFC 333: Volkanovski vs. Evloev,2026-10-24,Main Event,Featherweight,Alexander Volkanovski,Movsar Evloev,12:00,False,"Etihad Arena, Abu Dhabi, United Arab Emirates",14:00,,,,,9.0,
UFC 333: Volkanovski vs. Evloev,2026-10-24,Co-Main Event,Bantamweight,Petr Yan,Merab Dvalishvili,12:00,False,"Etihad Arena, Abu Dhabi, United Arab Emirates",14:00,,,,,8.0,
UFC 333: Volkanovski vs. Evloev,2026-10-24,Main Card,Flyweight,Lone'er Kavanagh,Ramazan Temirov,12:00,False,"Etihad Arena, Abu Dhabi, United Arab Emirates",14:00,,,,,7.0,
UFC 333: Volkanovski vs. Evloev,2026-10-24,Main Card,Heavyweight,Alexander Volkov,Rizvan Kuniev,12:00,False,"Etihad Arena, Abu Dhabi, United Arab Emirates",14:00,,,,,5.0,
UFC 333: Volkanovski vs. Evloev,2026-10-24,Main Card,Featherweight,Aaron Pico,Losene Keita,10:00,False,"Etihad Arena, Abu Dhabi, United Arab Emirates",14:00,True,Arnold Allen,True,,,
UFC 333: Volkanovski vs. Evloev,2026-10-24,Main Card,Featherweight,Arnold Allen,Aaron Pico,12:00,False,"Etihad Arena, Abu Dhabi, United Arab Emirates",14:00,True,Losene Keita,True,,6.0,
UFC 333: Volkanovski vs. Evloev,2026-10-24,Prelims,Light Heavyweight,Dominick Reyes,Azamat Murzakanov,12:00,False,"Etihad Arena, Abu Dhabi, United Arab Emirates",14:00,,,,,4.0,
UFC 333: Volkanovski vs. Evloev,2026-10-24,Prelims,Unknown,Nikita Krylov,Abdul-Rakhman Yakhyaev,12:00,False,"Etihad Arena, Abu Dhabi, United Arab Emirates",14:00,,,,,2.0,
UFC 333: Volkanovski vs. Evloev,2026-10-24,Prelims,Middleweight,Abus Magomedov,Cam Rowston,12:00,False,"Etihad Arena, Abu Dhabi, United Arab Emirates",14:00,,,,,3.0,
UFC 333: Volkanovski vs. Evloev,2026-10-24,Prelims,Lightweight,Grant Dawson,Nurullo Aliev,12:00,False,"Etihad Arena, Abu Dhabi, United Arab Emirates",14:00,,,,,1.0,
UFC Fight Night: Bonfim vs. Brady,2026-11-07,Main Event,Welterweight,Gabriel Bonfim,Sean Brady,17:00,False,"Meta APEX, Las Vegas, NV",20:00,,,,,1.0,
UFC Fight Night: Bonfim vs. Brady,2026-11-07,Prelims,Featherweight,Keiichiro Nakamura,Ollie Schmid,17:00,False,"Meta APEX, Las Vegas, NV",20:00,,,,,1.0,
UFC Fight Night: Las Vegas,2026-10-31,Main Event,Lightweight,Renato Moicano,Tom Nolan,17:00,False,"Meta APEX, Las Vegas, NV",20:00,,,,,3.0,
UFC Fight Night: Las Vegas,2026-10-31,Prelims,Middleweight,Nick Klein,Joe Kropschot,17:00,False,"Meta APEX, Las Vegas, NV",20:00,,,,,1.0,
UFC Fight Night: Las Vegas,2026-10-31,Prelims,Women's Bantamweight,Lucia Szabova,Tainara Lisboa,17:00,True,"Meta APEX, Las Vegas, NV",20:00,,,,,2.0,
UFC Fight Night: Allen vs. Duncan,2026-10-10,Main Event,Middleweight,Brendan Allen,Christian Leroy Duncan,17:00,False,"Meta APEX, Las Vegas, NV",20:00,,,,,1.0,
UFC Fight Night: Allen vs. Duncan,2026-10-10,Prelims,Welterweight,Francisco Prado,Ismael Bonfim,17:00,False,"Meta APEX, Las Vegas, NV",20:00,,,,,1.0,
UFC Fight Night: Nolan vs. Moicano,2026-10-31,Main Event,Lightweight,Renato Moicano,Tom Nolan,17:00,False,"Meta APEX, Las Vegas, NV",20:00,,,,,3.0,
UFC Fight Night: Nolan vs. Moicano,2026-10-31,Prelims,Middleweight,Nick Klein,Joe Kropschot,17:00,False,"Meta APEX, Las Vegas, NV",20:00,,,,,1.0,
UFC Fight Night: Nolan vs. Moicano,2026-10-31,Prelims,Women's Flyweight,Lucia Szabova,Tainara Lisboa,17:00,True,"Meta APEX, Las Vegas, NV",20:00,,,,,2.0,
UFC Fight Night: Moicano vs. Nolan,2026-10-31,Main Event,Lightweight,Renato Moicano,Tom Nolan,17:00,False,"Meta APEX, Las Vegas, NV",20:00,,,,,3.0,
UFC Fight Night: Moicano vs. Nolan,2026-10-31,Prelims,Middleweight,Nick Klein,Joe Kropschot,17:00,False,"Meta APEX, Las Vegas, NV",20:00,,,,,1.0,
UFC Fight Night: Moicano vs. Nolan,2026-10-31,Prelims,Women's Flyweight,Lucia Szabova,Tainara Lisboa,17:00,True,"Meta APEX, Las Vegas, NV",20:00,,,,,2.0,
UFC 334: Gane vs. Hokit,2026-11-14,Main Event,Heavyweight,Ciryl Gane,Josh Hokit,17:00,False,"Madison Square Garden, New York, NY",21:00,,,,,2.0,
UFC 334: Gane vs. Hokit,2026-11-14,Co-Main Event,Women's Bantamweight,Kayla Harrison,Amanda Nunes,17:00,True,"Madison Square Garden, New York, NY",21:00,,,,,11.0,
UFC 334: Gane vs. Hokit,2026-11-14,Main Card,Middleweight,Caio Borralho,Yousri Belgaroui,17:00,False,"Madison Square Garden, New York, NY",21:00,,,,,10.0,
UFC 334: Gane vs. Hokit,2026-11-14,Main Card,Welterweight,Uroš Medić,Kevin Holland,17:00,False,"Madison Square Garden, New York, NY",21:00,,,,,9.0,
UFC 334: Gane vs. Hokit,2026-11-14,Main Card,Flyweight,Bilal Hasan,Luis Gurule,17:00,False,"Madison Square Garden, New York, NY",21:00,,,,,8.0,
UFC 334: Gane vs. Hokit,2026-11-14,Prelims,Welterweight,Stephen Thompson,Charles Radtke,17:00,False,"Madison Square Garden, New York, NY",21:00,,,,,1.0,
UFC 334: Gane vs. Hokit,2026-11-14,Prelims,Lightweight,Drew Dober,Chris Duncan,17:00,False,"Madison Square Garden, New York, NY",21:00,,,,,6.0,
UFC 334: Gane vs. Hokit,2026-11-14,Prelims,Lightweight,Jim Miller,Terrance McKinney,17:00,False,"Madison Square Garden, New York, NY",21:00,,,,,5.0,
UFC 334: Gane vs. Hokit,2026-11-14,Prelims,Middleweight,Donte Johnson,Baisangur Susurkaev,17:00,False,"Madison Square Garden, New York, NY",21:00,,,,,4.0,
UFC 334: Gane vs. Hokit,2026-11-14,Prelims,Women's Bantamweight,Bia Mesquita,Macy Chiasson,17:00,True,"Madison Square Garden, New York, NY",21:00,,,,,3.0,
UFC 334: Gane vs. Hokit,2026-11-14,Prelims,Bantamweight,Adrian Yañez,Juan Diaz,17:00,False,"Madison Square Garden, New York, NY",21:00,,,,,2.0,
UFC 334: Gane vs. Hokit,2026-11-14,Prelims,Lightweight,Nazim Sadykhov,Jefferson Nascimento,17:00,False,"Madison Square Garden, New York, NY",21:00,,,,,1.0,
UFC Fight Night: Procházka vs. Stirling,2026-11-21,Main Event,Light Heavyweight,Jiří Procházka,Navajo Stirling,09:00,False,"ABHA Arena, Doha, Qatar",12:00,,,,,9.0,
UFC Fight Night: Procházka vs. Stirling,2026-11-21,Co-Main Event,Featherweight,Aljamain Sterling,Kevin Vallejos,09:00,False,"ABHA Arena, Doha, Qatar",12:00,,,,,8.0,
UFC Fight Night: Procházka vs. Stirling,2026-11-21,Main Card,Lightweight,Dan Hooker,Brian Ortega,09:00,False,"ABHA Arena, Doha, Qatar",12:00,,,,,7.0,
UFC Fight Night: Procházka vs. Stirling,2026-11-21,Main Card,Middleweight,Jared Cannonier,Ikram Aliskerov,09:00,False,"ABHA Arena, Doha, Qatar",12:00,,,,,6.0,
UFC Fight Night: Procházka vs. Stirling,2026-11-21,Main Card,Heavyweight,Shamil Gaziev,Tallison Teixeira,09:00,False,"ABHA Arena, Doha, Qatar",12:00,,,,,5.0,
UFC Fight Night: Procházka vs. Stirling,2026-11-21,Prelims,Welterweight,Jake Matthews,Tahir Abdullayev,09:00,False,"ABHA Arena, Doha, Qatar",12:00,,,,,4.0,
UFC Fight Night: Procházka vs. Stirling,2026-11-21,Prelims,Bantamweight,Aleksandre Topuria,Santiago Luna,09:00,False,"ABHA Arena, Doha, Qatar",12:00,,,,,3.0,
UFC Fight Night: Procházka vs. Stirling,2026-11-21,Prelims,Flyweight,Asu Almabayev,Kyoji Horiguchi,09:00,False,"ABHA Arena, Doha, Qatar",12:00,,,,,2.0,
UFC Fight Night: Procházka vs. Stirling,2026-11-21,Prelims,Flyweight,Amir Albazi,Alessandro Costa,09:00,False,"ABHA Arena, Doha, Qatar",12:00,,,,,1.0,
