event_name,fighter_a,fighter_b,favorite,favorite_prob,confidence_label,likely_method,pick_odds,closing_odds,opponent_odds,favorite_prob_history,last_updated,is_lock_of_week,voided
UFC 329: McGregor vs. Holloway 2,Conor McGregor,Max Holloway,Max Holloway,0.791,High Confidence,KO/TKO,-345.0,,205.0,"[{""prob"": 0.791, ""date"": ""2026-07-12 08:39 AM ET""}, {""prob"": 0.791, ""date"": ""2026-07-12 08:49 AM ET""}, {""prob"": 0.791, ""date"": ""2026-07-12 08:50 AM ET""}, {""prob"": 0.791, ""date"": ""2026-07-12 08:56 AM ET""}, {""prob"": 0.791, ""date"": ""2026-07-12 08:56 AM ET""}]",2026-07-12 08:56 AM ET,True,
UFC 329: McGregor vs. Holloway 2,Benoit Saint-Denis,Paddy Pimblett,Benoit Saint-Denis,0.539,Low Confidence,KO/TKO,-148.0,,124.0,"[{""prob"": 0.539, ""date"": ""2026-07-12 08:39 AM ET""}, {""prob"": 0.539, ""date"": ""2026-07-12 08:49 AM ET""}, {""prob"": 0.539, ""date"": ""2026-07-12 08:50 AM ET""}, {""prob"": 0.539, ""date"": ""2026-07-12 08:56 AM ET""}, {""prob"": 0.539, ""date"": ""2026-07-12 08:56 AM ET""}]",2026-07-12 08:56 AM ET,False,
UFC 329: McGregor vs. Holloway 2,Cory Sandhagen,Mario Bautista,Mario Bautista,0.578,Low Confidence,KO/TKO,120.0,,-135.0,"[{""prob"": 0.578, ""date"": ""2026-07-12 08:39 AM ET""}, {""prob"": 0.578, ""date"": ""2026-07-12 08:49 AM ET""}, {""prob"": 0.578, ""date"": ""2026-07-12 08:50 AM ET""}, {""prob"": 0.578, ""date"": ""2026-07-12 08:56 AM ET""}, {""prob"": 0.578, ""date"": ""2026-07-12 08:56 AM ET""}]",2026-07-12 08:56 AM ET,False,
UFC 329: McGregor vs. Holloway 2,Brandon Royval,Lone'er Kavanagh,Lone'er Kavanagh,0.587,Low Confidence,Submission,-218.0,,180.0,"[{""prob"": 0.587, ""date"": ""2026-07-12 08:39 AM ET""}, {""prob"": 0.587, ""date"": ""2026-07-12 08:49 AM ET""}, {""prob"": 0.587, ""date"": ""2026-07-12 08:50 AM ET""}, {""prob"": 0.587, ""date"": ""2026-07-12 08:56 AM ET""}, {""prob"": 0.587, ""date"": ""2026-07-12 08:56 AM ET""}]",2026-07-12 08:56 AM ET,False,
UFC 329: McGregor vs. Holloway 2,King Green,Terrance McKinney,King Green,0.634,Medium Confidence,Decision,110.0,,-115.0,"[{""prob"": 0.634, ""date"": ""2026-07-12 08:39 AM ET""}, {""prob"": 0.634, ""date"": ""2026-07-12 08:49 AM ET""}, {""prob"": 0.634, ""date"": ""2026-07-12 08:50 AM ET""}, {""prob"": 0.634, ""date"": ""2026-07-12 08:56 AM ET""}, {""prob"": 0.634, ""date"": ""2026-07-12 08:56 AM ET""}]",2026-07-12 08:56 AM ET,False,
UFC 329: McGregor vs. Holloway 2,Robert Whittaker,Nikita Krylov,Robert Whittaker,0.624,Medium Confidence,Decision,-125.0,,105.0,"[{""prob"": 0.624, ""date"": ""2026-07-12 08:39 AM ET""}, {""prob"": 0.624, ""date"": ""2026-07-12 08:49 AM ET""}, {""prob"": 0.624, ""date"": ""2026-07-12 08:50 AM ET""}, {""prob"": 0.624, ""date"": ""2026-07-12 08:56 AM ET""}, {""prob"": 0.624, ""date"": ""2026-07-12 08:56 AM ET""}]",2026-07-12 08:56 AM ET,False,
UFC 329: McGregor vs. Holloway 2,Gable Steveson,Elisha Ellison,Gable Steveson,0.745,Medium Confidence,KO/TKO,-1450.0,,850.0,"[{""prob"": 0.745, ""date"": ""2026-07-12 08:39 AM ET""}, {""prob"": 0.745, ""date"": ""2026-07-12 08:49 AM ET""}, {""prob"": 0.745, ""date"": ""2026-07-12 08:50 AM ET""}, {""prob"": 0.745, ""date"": ""2026-07-12 08:56 AM ET""}, {""prob"": 0.745, ""date"": ""2026-07-12 08:56 AM ET""}]",2026-07-12 08:56 AM ET,False,
UFC 329: McGregor vs. Holloway 2,Cody Garbrandt,Adrian Yanez,Cody Garbrandt,0.505,Low Confidence,KO/TKO,330.0,,-425.0,"[{""prob"": 0.505, ""date"": ""2026-07-12 08:39 AM ET""}, {""prob"": 0.505, ""date"": ""2026-07-12 08:49 AM ET""}, {""prob"": 0.505, ""date"": ""2026-07-12 08:50 AM ET""}, {""prob"": 0.505, ""date"": ""2026-07-12 08:56 AM ET""}, {""prob"": 0.505, ""date"": ""2026-07-12 08:56 AM ET""}]",2026-07-12 08:56 AM ET,False,
UFC 329: McGregor vs. Holloway 2,Luke Riley,Kai Kamaka III,Luke Riley,0.82,High Confidence,KO/TKO,-225.0,,185.0,"[{""prob"": 0.82, ""date"": ""2026-07-12 08:39 AM ET""}, {""prob"": 0.82, ""date"": ""2026-07-12 08:49 AM ET""}, {""prob"": 0.82, ""date"": ""2026-07-12 08:50 AM ET""}, {""prob"": 0.82, ""date"": ""2026-07-12 08:56 AM ET""}, {""prob"": 0.82, ""date"": ""2026-07-12 08:56 AM ET""}]",2026-07-12 08:56 AM ET,True,
UFC 329: McGregor vs. Holloway 2,Cesar Almeida,Damian Pinas,Damian Pinas,0.732,Medium Confidence,KO/TKO,-258.0,,210.0,"[{""prob"": 0.732, ""date"": ""2026-07-12 08:39 AM ET""}, {""prob"": 0.732, ""date"": ""2026-07-12 08:49 AM ET""}, {""prob"": 0.732, ""date"": ""2026-07-12 08:50 AM ET""}, {""prob"": 0.732, ""date"": ""2026-07-12 08:56 AM ET""}, {""prob"": 0.732, ""date"": ""2026-07-12 08:56 AM ET""}]",2026-07-12 08:56 AM ET,False,
UFC 329: McGregor vs. Holloway 2,Ryan Gandra,Zach Reese,Ryan Gandra,0.84,High Confidence,KO/TKO,-135.0,,114.0,"[{""prob"": 0.84, ""date"": ""2026-07-12 08:39 AM ET""}, {""prob"": 0.84, ""date"": ""2026-07-12 08:49 AM ET""}, {""prob"": 0.84, ""date"": ""2026-07-12 08:50 AM ET""}, {""prob"": 0.84, ""date"": ""2026-07-12 08:56 AM ET""}, {""prob"": 0.84, ""date"": ""2026-07-12 08:56 AM ET""}]",2026-07-12 08:56 AM ET,True,
UFC 329: McGregor vs. Holloway 2,Tracy Cortez,Cong Wang,Cong Wang,0.519,Low Confidence,Decision,-122.0,,-102.0,"[{""prob"": 0.519, ""date"": ""2026-07-12 08:39 AM ET""}, {""prob"": 0.519, ""date"": ""2026-07-12 08:49 AM ET""}, {""prob"": 0.519, ""date"": ""2026-07-12 08:50 AM ET""}, {""prob"": 0.519, ""date"": ""2026-07-12 08:56 AM ET""}, {""prob"": 0.519, ""date"": ""2026-07-12 08:56 AM ET""}]",2026-07-12 08:56 AM ET,False,
UFC 329: McGregor vs. Holloway 2,Alessandro Costa,Cody Durden,Alessandro Costa,0.543,Low Confidence,KO/TKO,-225.0,,190.0,"[{""prob"": 0.543, ""date"": ""2026-07-12 08:39 AM ET""}, {""prob"": 0.543, ""date"": ""2026-07-12 08:49 AM ET""}, {""prob"": 0.543, ""date"": ""2026-07-12 08:50 AM ET""}, {""prob"": 0.543, ""date"": ""2026-07-12 08:56 AM ET""}, {""prob"": 0.543, ""date"": ""2026-07-12 08:56 AM ET""}]",2026-07-12 08:56 AM ET,False,
UFC 329: McGregor vs. Holloway 2,Farid Basharat,John Garza,Farid Basharat,0.535,Low Confidence,Submission,-600.0,,490.0,"[{""prob"": 0.535, ""date"": ""2026-07-12 08:39 AM ET""}, {""prob"": 0.535, ""date"": ""2026-07-12 08:49 AM ET""}, {""prob"": 0.535, ""date"": ""2026-07-12 08:50 AM ET""}, {""prob"": 0.535, ""date"": ""2026-07-12 08:56 AM ET""}, {""prob"": 0.535, ""date"": ""2026-07-12 08:56 AM ET""}]",2026-07-12 08:56 AM ET,False,
UFC Fight Night: Du Plessis vs. Usman,Dricus Du Plessis,Kamaru Usman,Kamaru Usman,0.506,Low Confidence,Decision,-195.0,-160.0,-240.0,"[{""prob"": 0.506, ""date"": ""2026-07-17 01:22 PM ET""}, {""prob"": 0.506, ""date"": ""2026-07-17 01:29 PM ET""}, {""prob"": 0.506, ""date"": ""2026-07-17 01:30 PM ET""}, {""prob"": 0.506, ""date"": ""2026-07-17 01:38 PM ET""}, {""prob"": 0.506, ""date"": ""2026-07-17 01:39 PM ET""}, {""prob"": 0.506, ""date"": ""2026-07-18 04:52 PM ET""}, {""prob"": 0.506, ""date"": ""2026-07-18 05:05 PM ET""}, {""prob"": 0.506, ""date"": ""2026-07-18 05:15 PM ET""}, {""prob"": 0.506, ""date"": ""2026-07-18 05:27 PM ET""}, {""prob"": 0.506, ""date"": ""2026-07-18 05:53 PM ET""}]",2026-07-18 05:53 PM ET,False,
UFC Fight Night: Du Plessis vs. Usman,Jared Cannonier,Christian Leroy Duncan,Christian Leroy Duncan,0.671,Medium Confidence,KO/TKO,-320.0,-395.0,275.0,"[{""prob"": 0.671, ""date"": ""2026-07-17 01:22 PM ET""}, {""prob"": 0.671, ""date"": ""2026-07-17 01:29 PM ET""}, {""prob"": 0.671, ""date"": ""2026-07-17 01:30 PM ET""}, {""prob"": 0.671, ""date"": ""2026-07-17 01:38 PM ET""}, {""prob"": 0.671, ""date"": ""2026-07-17 01:39 PM ET""}, {""prob"": 0.671, ""date"": ""2026-07-18 04:52 PM ET""}, {""prob"": 0.671, ""date"": ""2026-07-18 05:05 PM ET""}, {""prob"": 0.671, ""date"": ""2026-07-18 05:15 PM ET""}, {""prob"": 0.671, ""date"": ""2026-07-18 05:27 PM ET""}, {""prob"": 0.671, ""date"": ""2026-07-18 05:53 PM ET""}]",2026-07-18 05:53 PM ET,False,
UFC Fight Night: Ankalaev vs. Rountree Jr.,Magomed Ankalaev,Khalil Rountree Jr.,Magomed Ankalaev,0.659,Medium Confidence,Decision,,,,"[{""prob"": 0.659, ""date"": ""2026-07-20 06:01 PM ET""}, {""prob"": 0.659, ""date"": ""2026-07-20 06:02 PM ET""}, {""prob"": 0.659, ""date"": ""2026-07-20 06:12 PM ET""}, {""prob"": 0.659, ""date"": ""2026-07-20 06:18 PM ET""}, {""prob"": 0.659, ""date"": ""2026-07-20 06:19 PM ET""}, {""prob"": 0.659, ""date"": ""2026-07-20 06:36 PM ET""}, {""prob"": 0.659, ""date"": ""2026-07-20 06:38 PM ET""}, {""prob"": 0.659, ""date"": ""2026-07-20 07:03 PM ET""}, {""prob"": 0.659, ""date"": ""2026-07-20 07:06 PM ET""}, {""prob"": 0.659, ""date"": ""2026-07-20 07:14 PM ET""}]",2026-07-20 07:14 PM ET,False,
UFC Fight Night: Ankalaev vs. Rountree Jr.,Umar Nurmagomedov,David Martinez,Umar Nurmagomedov,0.529,Low Confidence,Submission,,,,"[{""prob"": 0.529, ""date"": ""2026-07-20 07:14 PM ET""}, {""prob"": 0.529, ""date"": ""2026-07-20 07:22 PM ET""}, {""prob"": 0.529, ""date"": ""2026-07-20 07:24 PM ET""}, {""prob"": 0.529, ""date"": ""2026-07-20 07:34 PM ET""}, {""prob"": 0.529, ""date"": ""2026-07-20 07:36 PM ET""}, {""prob"": 0.529, ""date"": ""2026-07-20 07:42 PM ET""}, {""prob"": 0.529, ""date"": ""2026-07-20 07:44 PM ET""}, {""prob"": 0.529, ""date"": ""2026-07-20 07:54 PM ET""}, {""prob"": 0.529, ""date"": ""2026-07-20 07:55 PM ET""}, {""prob"": 0.529, ""date"": ""2026-07-20 08:09 PM ET""}]",2026-07-20 08:09 PM ET,False,
UFC Fight Night: Du Plessis vs. Usman,Alvin Hines,RJ Harris,RJ Harris,0.525,Low Confidence,Decision,-200.0,100.0,170.0,"[{""prob"": 0.525, ""date"": ""2026-07-17 01:22 PM ET""}, {""prob"": 0.525, ""date"": ""2026-07-17 01:29 PM ET""}, {""prob"": 0.525, ""date"": ""2026-07-17 01:30 PM ET""}, {""prob"": 0.525, ""date"": ""2026-07-17 01:38 PM ET""}, {""prob"": 0.525, ""date"": ""2026-07-17 01:39 PM ET""}, {""prob"": 0.525, ""date"": ""2026-07-18 04:52 PM ET""}, {""prob"": 0.525, ""date"": ""2026-07-18 05:05 PM ET""}, {""prob"": 0.525, ""date"": ""2026-07-18 05:15 PM ET""}, {""prob"": 0.525, ""date"": ""2026-07-18 05:27 PM ET""}, {""prob"": 0.525, ""date"": ""2026-07-18 05:53 PM ET""}]",2026-07-18 05:53 PM ET,False,
UFC Fight Night: Du Plessis vs. Usman,Alden Coria,Stewart Nicoll,Alden Coria,0.769,High Confidence,KO/TKO,-800.0,-1050.0,550.0,"[{""prob"": 0.769, ""date"": ""2026-07-17 01:22 PM ET""}, {""prob"": 0.769, ""date"": ""2026-07-17 01:29 PM ET""}, {""prob"": 0.769, ""date"": ""2026-07-17 01:30 PM ET""}, {""prob"": 0.769, ""date"": ""2026-07-17 01:38 PM ET""}, {""prob"": 0.769, ""date"": ""2026-07-17 01:39 PM ET""}, {""prob"": 0.769, ""date"": ""2026-07-18 04:52 PM ET""}, {""prob"": 0.769, ""date"": ""2026-07-18 05:05 PM ET""}, {""prob"": 0.769, ""date"": ""2026-07-18 05:15 PM ET""}, {""prob"": 0.769, ""date"": ""2026-07-18 05:27 PM ET""}, {""prob"": 0.769, ""date"": ""2026-07-18 05:53 PM ET""}]",2026-07-18 05:53 PM ET,True,
UFC Fight Night: Du Plessis vs. Usman,Felipe Franco,Levi Rodrigues Jr.,Levi Rodrigues Jr.,0.674,Medium Confidence,KO/TKO,-110.0,-148.0,-110.0,"[{""prob"": 0.674, ""date"": ""2026-07-17 01:22 PM ET""}, {""prob"": 0.674, ""date"": ""2026-07-17 01:29 PM ET""}, {""prob"": 0.674, ""date"": ""2026-07-17 01:30 PM ET""}, {""prob"": 0.674, ""date"": ""2026-07-17 01:38 PM ET""}, {""prob"": 0.674, ""date"": ""2026-07-17 01:39 PM ET""}, {""prob"": 0.674, ""date"": ""2026-07-18 04:52 PM ET""}, {""prob"": 0.674, ""date"": ""2026-07-18 05:05 PM ET""}, {""prob"": 0.674, ""date"": ""2026-07-18 05:15 PM ET""}, {""prob"": 0.674, ""date"": ""2026-07-18 05:27 PM ET""}, {""prob"": 0.674, ""date"": ""2026-07-18 05:53 PM ET""}]",2026-07-18 05:53 PM ET,False,
UFC Fight Night: Du Plessis vs. Usman,Jean-Paul Lebosnoyani,Seokhyeon Ko,Jean-Paul Lebosnoyani,0.566,Low Confidence,KO/TKO,200.0,154.0,-250.0,"[{""prob"": 0.566, ""date"": ""2026-07-17 01:22 PM ET""}, {""prob"": 0.566, ""date"": ""2026-07-17 01:29 PM ET""}, {""prob"": 0.566, ""date"": ""2026-07-17 01:30 PM ET""}, {""prob"": 0.566, ""date"": ""2026-07-17 01:38 PM ET""}, {""prob"": 0.566, ""date"": ""2026-07-17 01:39 PM ET""}, {""prob"": 0.566, ""date"": ""2026-07-18 04:52 PM ET""}, {""prob"": 0.566, ""date"": ""2026-07-18 05:05 PM ET""}, {""prob"": 0.566, ""date"": ""2026-07-18 05:15 PM ET""}, {""prob"": 0.566, ""date"": ""2026-07-18 05:27 PM ET""}, {""prob"": 0.566, ""date"": ""2026-07-18 05:53 PM ET""}]",2026-07-18 05:53 PM ET,False,
UFC Fight Night: Du Plessis vs. Usman,Austin Bashi,Jose Delgado,Jose Delgado,0.607,Medium Confidence,KO/TKO,-170.0,-115.0,145.0,"[{""prob"": 0.607, ""date"": ""2026-07-17 01:22 PM ET""}, {""prob"": 0.607, ""date"": ""2026-07-17 01:29 PM ET""}, {""prob"": 0.607, ""date"": ""2026-07-17 01:30 PM ET""}, {""prob"": 0.607, ""date"": ""2026-07-17 01:38 PM ET""}, {""prob"": 0.607, ""date"": ""2026-07-17 01:39 PM ET""}, {""prob"": 0.607, ""date"": ""2026-07-18 04:52 PM ET""}, {""prob"": 0.607, ""date"": ""2026-07-18 05:05 PM ET""}, {""prob"": 0.607, ""date"": ""2026-07-18 05:15 PM ET""}, {""prob"": 0.607, ""date"": ""2026-07-18 05:27 PM ET""}, {""prob"": 0.607, ""date"": ""2026-07-18 05:53 PM ET""}]",2026-07-18 05:53 PM ET,False,
UFC Fight Night: Du Plessis vs. Usman,Tabatha Ricci,Fatima Kline,Fatima Kline,0.677,Medium Confidence,Decision,-300.0,-485.0,250.0,"[{""prob"": 0.677, ""date"": ""2026-07-17 01:22 PM ET""}, {""prob"": 0.677, ""date"": ""2026-07-17 01:29 PM ET""}, {""prob"": 0.677, ""date"": ""2026-07-17 01:30 PM ET""}, {""prob"": 0.677, ""date"": ""2026-07-17 01:38 PM ET""}, {""prob"": 0.677, ""date"": ""2026-07-17 01:39 PM ET""}, {""prob"": 0.677, ""date"": ""2026-07-18 04:52 PM ET""}, {""prob"": 0.677, ""date"": ""2026-07-18 05:05 PM ET""}, {""prob"": 0.677, ""date"": ""2026-07-18 05:15 PM ET""}, {""prob"": 0.677, ""date"": ""2026-07-18 05:27 PM ET""}, {""prob"": 0.677, ""date"": ""2026-07-18 05:53 PM ET""}]",2026-07-18 05:53 PM ET,False,
UFC Fight Night: Du Plessis vs. Usman,Tommy McMillen,Alberto Montes,Tommy McMillen,0.798,High Confidence,KO/TKO,160.0,-170.0,-185.0,"[{""prob"": 0.798, ""date"": ""2026-07-17 01:22 PM ET""}, {""prob"": 0.798, ""date"": ""2026-07-17 01:29 PM ET""}, {""prob"": 0.798, ""date"": ""2026-07-17 01:30 PM ET""}, {""prob"": 0.798, ""date"": ""2026-07-17 01:38 PM ET""}, {""prob"": 0.798, ""date"": ""2026-07-17 01:39 PM ET""}, {""prob"": 0.798, ""date"": ""2026-07-18 04:52 PM ET""}, {""prob"": 0.798, ""date"": ""2026-07-18 05:05 PM ET""}, {""prob"": 0.798, ""date"": ""2026-07-18 05:15 PM ET""}, {""prob"": 0.798, ""date"": ""2026-07-18 05:27 PM ET""}, {""prob"": 0.798, ""date"": ""2026-07-18 05:53 PM ET""}]",2026-07-18 05:53 PM ET,True,
UFC Fight Night: Du Plessis vs. Usman,Chase Hooper,Mitch Ramirez,Chase Hooper,0.632,Medium Confidence,KO/TKO,-230.0,-375.0,195.0,"[{""prob"": 0.631, ""date"": ""2026-07-17 01:22 PM ET""}, {""prob"": 0.631, ""date"": ""2026-07-17 01:29 PM ET""}, {""prob"": 0.631, ""date"": ""2026-07-17 01:30 PM ET""}, {""prob"": 0.631, ""date"": ""2026-07-17 01:38 PM ET""}, {""prob"": 0.631, ""date"": ""2026-07-17 01:39 PM ET""}, {""prob"": 0.632, ""date"": ""2026-07-18 04:52 PM ET""}, {""prob"": 0.632, ""date"": ""2026-07-18 05:05 PM ET""}, {""prob"": 0.632, ""date"": ""2026-07-18 05:15 PM ET""}, {""prob"": 0.632, ""date"": ""2026-07-18 05:27 PM ET""}, {""prob"": 0.632, ""date"": ""2026-07-18 05:53 PM ET""}]",2026-07-18 05:53 PM ET,False,
UFC Fight Night: Du Plessis vs. Usman,Dione Barbosa,Anna Melisano,Dione Barbosa,0.58,Low Confidence,Decision,-280.0,-625.0,240.0,"[{""prob"": 0.58, ""date"": ""2026-07-17 01:22 PM ET""}, {""prob"": 0.58, ""date"": ""2026-07-17 01:29 PM ET""}, {""prob"": 0.58, ""date"": ""2026-07-17 01:30 PM ET""}, {""prob"": 0.58, ""date"": ""2026-07-17 01:38 PM ET""}, {""prob"": 0.58, ""date"": ""2026-07-17 01:39 PM ET""}, {""prob"": 0.58, ""date"": ""2026-07-18 04:52 PM ET""}, {""prob"": 0.58, ""date"": ""2026-07-18 05:05 PM ET""}, {""prob"": 0.58, ""date"": ""2026-07-18 05:15 PM ET""}, {""prob"": 0.58, ""date"": ""2026-07-18 05:27 PM ET""}, {""prob"": 0.58, ""date"": ""2026-07-18 05:53 PM ET""}]",2026-07-18 05:53 PM ET,False,
UFC Fight Night: Du Plessis vs. Usman,Ezra Elliott,Damien Anderson,Ezra Elliott,0.555,Low Confidence,Submission,-150.0,105.0,130.0,"[{""prob"": 0.555, ""date"": ""2026-07-17 01:22 PM ET""}, {""prob"": 0.555, ""date"": ""2026-07-17 01:29 PM ET""}, {""prob"": 0.555, ""date"": ""2026-07-17 01:30 PM ET""}, {""prob"": 0.555, ""date"": ""2026-07-17 01:38 PM ET""}, {""prob"": 0.555, ""date"": ""2026-07-17 01:39 PM ET""}, {""prob"": 0.555, ""date"": ""2026-07-18 04:52 PM ET""}, {""prob"": 0.555, ""date"": ""2026-07-18 05:05 PM ET""}, {""prob"": 0.555, ""date"": ""2026-07-18 05:15 PM ET""}, {""prob"": 0.555, ""date"": ""2026-07-18 05:27 PM ET""}, {""prob"": 0.555, ""date"": ""2026-07-18 05:53 PM ET""}]",2026-07-18 05:53 PM ET,False,
UFC Fight Night: Du Plessis vs. Usman,Test Fighter A,Test Fighter B,Test Fighter B,0.579,Low Confidence,KO/TKO,,,,"[{""prob"": 0.579, ""date"": ""2026-07-16 08:17 PM ET""}]",2026-07-16 08:17 PM ET,False,
UFC 330: Makhachev vs. Machado Garry,Islam Makhachev,Ian Machado Garry,Islam Makhachev,0.704,Medium Confidence,Submission,,,,"[{""prob"": 0.679, ""date"": ""2026-07-20 08:38 AM ET""}, {""prob"": 0.679, ""date"": ""2026-07-20 09:05 AM ET""}, {""prob"": 0.679, ""date"": ""2026-07-20 09:09 AM ET""}, {""prob"": 0.704, ""date"": ""2026-07-27 12:51 AM ET""}, {""prob"": 0.704, ""date"": ""2026-07-27 04:18 AM ET""}]",2026-07-27 04:18 AM ET,false,
UFC 330: Makhachev vs. Machado Garry,Mackenzie Dern,Gillian Robertson,Gillian Robertson,0.531,Low Confidence,Submission,180.0,180.0,-227.5,"[{""prob"": 0.524, ""date"": ""2026-07-20 08:38 AM ET""}, {""prob"": 0.524, ""date"": ""2026-07-20 09:05 AM ET""}, {""prob"": 0.524, ""date"": ""2026-07-20 09:09 AM ET""}, {""prob"": 0.531, ""date"": ""2026-07-27 12:51 AM ET""}, {""prob"": 0.531, ""date"": ""2026-07-27 04:18 AM ET""}]",2026-07-27 04:18 AM ET,false,
UFC 330: Makhachev vs. Machado Garry,Erin Blanchfield,Jasmine Jasudavicius,Erin Blanchfield,0.706,Medium Confidence,Decision,,,,"[{""prob"": 0.623, ""date"": ""2026-07-20 08:38 AM ET""}, {""prob"": 0.706, ""date"": ""2026-07-27 12:51 AM ET""}, {""prob"": 0.706, ""date"": ""2026-07-27 04:18 AM ET""}]",2026-07-27 04:18 AM ET,false,
UFC 330: Makhachev vs. Machado Garry,Edson Barboza,Esteban Ribovics,Esteban Ribovics,0.621,Medium Confidence,KO/TKO,,,,"[{""prob"": 0.601, ""date"": ""2026-07-20 08:38 AM ET""}, {""prob"": 0.621, ""date"": ""2026-07-27 12:51 AM ET""}, {""prob"": 0.621, ""date"": ""2026-07-27 04:18 AM ET""}]",2026-07-27 04:18 AM ET,false,
UFC 330: Makhachev vs. Machado Garry,Jalin Turner,Kauê Fernandes,Kauê Fernandes,0.546,Low Confidence,KO/TKO,,,,"[{""prob"": 0.521, ""date"": ""2026-07-20 08:38 AM ET""}, {""prob"": 0.546, ""date"": ""2026-07-27 12:51 AM ET""}, {""prob"": 0.546, ""date"": ""2026-07-27 04:18 AM ET""}]",2026-07-27 04:18 AM ET,false,
UFC 330: Makhachev vs. Machado Garry,Mansur Abdul-Malik,Dustin Stoltzfus,Mansur Abdul-Malik,0.809,High Confidence,KO/TKO,,,,"[{""prob"": 0.662, ""date"": ""2026-07-20 08:38 AM ET""}, {""prob"": 0.809, ""date"": ""2026-07-27 12:51 AM ET""}, {""prob"": 0.809, ""date"": ""2026-07-27 04:18 AM ET""}]",2026-07-27 04:18 AM ET,true,
UFC 330: Makhachev vs. Machado Garry,Geoff Neal,Chidi Njokuani,Geoff Neal,0.712,Medium Confidence,KO/TKO,,,,"[{""prob"": 0.578, ""date"": ""2026-07-20 08:38 AM ET""}, {""prob"": 0.712, ""date"": ""2026-07-27 12:51 AM ET""}, {""prob"": 0.712, ""date"": ""2026-07-27 04:18 AM ET""}]",2026-07-27 04:18 AM ET,false,
UFC 330: Makhachev vs. Machado Garry,Neil Magny,Ramiz Brahimaj,Ramiz Brahimaj,0.537,Low Confidence,Submission,,,,"[{""prob"": 0.537, ""date"": ""2026-07-27 12:51 AM ET""}, {""prob"": 0.537, ""date"": ""2026-07-27 04:18 AM ET""}]",2026-07-27 04:18 AM ET,false,
UFC 330: Makhachev vs. Machado Garry,Jeremiah Wells,Myktybek Orolbai,Myktybek Orolbai,0.737,Medium Confidence,Decision,,,,"[{""prob"": 0.562, ""date"": ""2026-07-20 08:38 AM ET""}, {""prob"": 0.737, ""date"": ""2026-07-27 12:51 AM ET""}, {""prob"": 0.737, ""date"": ""2026-07-27 04:18 AM ET""}]",2026-07-27 04:18 AM ET,false,
UFC 330: Makhachev vs. Machado Garry,Vicente Luque,Tresean Gore,Vicente Luque,0.734,Medium Confidence,KO/TKO,,,,"[{""prob"": 0.659, ""date"": ""2026-07-20 08:38 AM ET""}, {""prob"": 0.734, ""date"": ""2026-07-27 12:51 AM ET""}, {""prob"": 0.734, ""date"": ""2026-07-27 04:18 AM ET""}]",2026-07-27 04:18 AM ET,false,
UFC Fight Night: Ankalaev vs. Rountree Jr.,Magomed Ankalaev,Bogdan Guskov,Magomed Ankalaev,0.67,Medium Confidence,Decision,-550.0,-550.0,400.0,"[{""prob"": 0.67, ""date"": ""2026-07-20 07:14 PM ET""}, {""prob"": 0.67, ""date"": ""2026-07-20 07:22 PM ET""}, {""prob"": 0.67, ""date"": ""2026-07-20 07:24 PM ET""}, {""prob"": 0.576, ""date"": ""2026-07-20 07:34 PM ET""}, {""prob"": 0.67, ""date"": ""2026-07-20 07:36 PM ET""}, {""prob"": 0.67, ""date"": ""2026-07-20 07:42 PM ET""}, {""prob"": 0.67, ""date"": ""2026-07-20 07:44 PM ET""}, {""prob"": 0.67, ""date"": ""2026-07-20 07:54 PM ET""}, {""prob"": 0.67, ""date"": ""2026-07-20 07:55 PM ET""}, {""prob"": 0.67, ""date"": ""2026-07-20 08:09 PM ET""}]",2026-07-20 08:09 PM ET,False,
UFC Fight Night: Ankalaev vs. Rountree Jr.,Steve Erceg,Ramazan Temirov,Ramazan Temirov,0.559,Low Confidence,Decision,,,,"[{""prob"": 0.559, ""date"": ""2026-07-20 07:14 PM ET""}, {""prob"": 0.559, ""date"": ""2026-07-20 07:22 PM ET""}, {""prob"": 0.559, ""date"": ""2026-07-20 07:24 PM ET""}, {""prob"": 0.553, ""date"": ""2026-07-20 07:34 PM ET""}, {""prob"": 0.559, ""date"": ""2026-07-20 07:36 PM ET""}, {""prob"": 0.559, ""date"": ""2026-07-20 07:42 PM ET""}, {""prob"": 0.559, ""date"": ""2026-07-20 07:44 PM ET""}, {""prob"": 0.559, ""date"": ""2026-07-20 07:54 PM ET""}, {""prob"": 0.559, ""date"": ""2026-07-20 07:55 PM ET""}, {""prob"": 0.559, ""date"": ""2026-07-20 08:09 PM ET""}]",2026-07-20 08:09 PM ET,False,
UFC Fight Night: Ankalaev vs. Rountree Jr.,Islam Dulatov,Wellington Turman,Islam Dulatov,0.858,High Confidence,KO/TKO,-850.0,-850.0,550.0,"[{""prob"": 0.858, ""date"": ""2026-07-20 07:14 PM ET""}, {""prob"": 0.858, ""date"": ""2026-07-20 07:22 PM ET""}, {""prob"": 0.858, ""date"": ""2026-07-20 07:24 PM ET""}, {""prob"": 0.717, ""date"": ""2026-07-20 07:34 PM ET""}, {""prob"": 0.858, ""date"": ""2026-07-20 07:36 PM ET""}, {""prob"": 0.858, ""date"": ""2026-07-20 07:42 PM ET""}, {""prob"": 0.858, ""date"": ""2026-07-20 07:44 PM ET""}, {""prob"": 0.858, ""date"": ""2026-07-20 07:54 PM ET""}, {""prob"": 0.858, ""date"": ""2026-07-20 07:55 PM ET""}, {""prob"": 0.858, ""date"": ""2026-07-20 08:09 PM ET""}]",2026-07-20 08:09 PM ET,True,True
UFC Fight Night: Ankalaev vs. Rountree Jr.,Magomed Zaynukov,Damian Rzepecki,Damian Rzepecki,0.675,Medium Confidence,Submission,295.0,261.0,-370.0,"[{""prob"": 0.675, ""date"": ""2026-07-20 07:14 PM ET""}, {""prob"": 0.675, ""date"": ""2026-07-20 07:22 PM ET""}, {""prob"": 0.675, ""date"": ""2026-07-20 07:24 PM ET""}, {""prob"": 0.579, ""date"": ""2026-07-20 07:34 PM ET""}, {""prob"": 0.675, ""date"": ""2026-07-20 07:36 PM ET""}, {""prob"": 0.675, ""date"": ""2026-07-20 07:42 PM ET""}, {""prob"": 0.675, ""date"": ""2026-07-20 07:44 PM ET""}, {""prob"": 0.675, ""date"": ""2026-07-20 07:54 PM ET""}, {""prob"": 0.675, ""date"": ""2026-07-20 07:55 PM ET""}, {""prob"": 0.675, ""date"": ""2026-07-20 08:09 PM ET""}]",2026-07-20 08:09 PM ET,False,
UFC Fight Night: Ankalaev vs. Rountree Jr.,Rizvan Kuniev,Tyrell Fortune,Tyrell Fortune,0.565,Low Confidence,Decision,220.0,230.0,-270.0,"[{""prob"": 0.565, ""date"": ""2026-07-20 07:14 PM ET""}, {""prob"": 0.565, ""date"": ""2026-07-20 07:22 PM ET""}, {""prob"": 0.565, ""date"": ""2026-07-20 07:24 PM ET""}, {""prob"": 0.61, ""date"": ""2026-07-20 07:34 PM ET""}, {""prob"": 0.565, ""date"": ""2026-07-20 07:36 PM ET""}, {""prob"": 0.565, ""date"": ""2026-07-20 07:42 PM ET""}, {""prob"": 0.565, ""date"": ""2026-07-20 07:44 PM ET""}, {""prob"": 0.565, ""date"": ""2026-07-20 07:54 PM ET""}, {""prob"": 0.565, ""date"": ""2026-07-20 07:55 PM ET""}, {""prob"": 0.565, ""date"": ""2026-07-20 08:09 PM ET""}]",2026-07-20 08:09 PM ET,False,
UFC Fight Night: Ankalaev vs. Rountree Jr.,Abubakar Vagaev,Saygid Izagakhmaev,Abubakar Vagaev,0.515,Low Confidence,KO/TKO,,,,"[{""prob"": 0.515, ""date"": ""2026-07-20 07:14 PM ET""}, {""prob"": 0.515, ""date"": ""2026-07-20 07:22 PM ET""}, {""prob"": 0.515, ""date"": ""2026-07-20 07:24 PM ET""}, {""prob"": 0.515, ""date"": ""2026-07-20 07:34 PM ET""}, {""prob"": 0.515, ""date"": ""2026-07-20 07:36 PM ET""}, {""prob"": 0.515, ""date"": ""2026-07-20 07:42 PM ET""}, {""prob"": 0.515, ""date"": ""2026-07-20 07:44 PM ET""}, {""prob"": 0.515, ""date"": ""2026-07-20 07:54 PM ET""}, {""prob"": 0.515, ""date"": ""2026-07-20 07:55 PM ET""}, {""prob"": 0.515, ""date"": ""2026-07-20 08:09 PM ET""}]",2026-07-20 08:09 PM ET,False,
UFC Fight Night: Ankalaev vs. Rountree Jr.,Valter Walker,Thomas Petersen,Valter Walker,0.626,Medium Confidence,KO/TKO,-192.0,-190.0,163.0,"[{""prob"": 0.626, ""date"": ""2026-07-20 07:14 PM ET""}, {""prob"": 0.626, ""date"": ""2026-07-20 07:22 PM ET""}, {""prob"": 0.626, ""date"": ""2026-07-20 07:24 PM ET""}, {""prob"": 0.599, ""date"": ""2026-07-20 07:34 PM ET""}, {""prob"": 0.626, ""date"": ""2026-07-20 07:36 PM ET""}, {""prob"": 0.626, ""date"": ""2026-07-20 07:42 PM ET""}, {""prob"": 0.626, ""date"": ""2026-07-20 07:44 PM ET""}, {""prob"": 0.626, ""date"": ""2026-07-20 07:54 PM ET""}, {""prob"": 0.626, ""date"": ""2026-07-20 07:55 PM ET""}, {""prob"": 0.626, ""date"": ""2026-07-20 08:09 PM ET""}]",2026-07-20 08:09 PM ET,False,
UFC Fight Night: Ankalaev vs. Rountree Jr.,Uran Satybaldiev,Dustin Jacoby,Dustin Jacoby,0.533,Low Confidence,KO/TKO,,,,"[{""prob"": 0.533, ""date"": ""2026-07-20 01:25 PM ET""}, {""prob"": 0.533, ""date"": ""2026-07-20 02:06 PM ET""}, {""prob"": 0.533, ""date"": ""2026-07-20 02:08 PM ET""}, {""prob"": 0.533, ""date"": ""2026-07-20 02:16 PM ET""}, {""prob"": 0.533, ""date"": ""2026-07-20 02:22 PM ET""}, {""prob"": 0.533, ""date"": ""2026-07-20 02:23 PM ET""}, {""prob"": 0.533, ""date"": ""2026-07-20 02:32 PM ET""}, {""prob"": 0.533, ""date"": ""2026-07-20 02:34 PM ET""}, {""prob"": 0.533, ""date"": ""2026-07-20 03:58 PM ET""}, {""prob"": 0.533, ""date"": ""2026-07-20 05:11 PM ET""}]",2026-07-20 05:11 PM ET,False,
UFC Fight Night: Ankalaev vs. Rountree Jr.,Santiago Ponzinibbio,Sam Patterson,Sam Patterson,0.647,Medium Confidence,KO/TKO,-400.0,-410.0,310.0,"[{""prob"": 0.647, ""date"": ""2026-07-20 07:14 PM ET""}, {""prob"": 0.647, ""date"": ""2026-07-20 07:22 PM ET""}, {""prob"": 0.647, ""date"": ""2026-07-20 07:24 PM ET""}, {""prob"": 0.647, ""date"": ""2026-07-20 07:34 PM ET""}, {""prob"": 0.647, ""date"": ""2026-07-20 07:36 PM ET""}, {""prob"": 0.647, ""date"": ""2026-07-20 07:42 PM ET""}, {""prob"": 0.647, ""date"": ""2026-07-20 07:44 PM ET""}, {""prob"": 0.647, ""date"": ""2026-07-20 07:54 PM ET""}, {""prob"": 0.647, ""date"": ""2026-07-20 07:55 PM ET""}, {""prob"": 0.647, ""date"": ""2026-07-20 08:09 PM ET""}]",2026-07-20 08:09 PM ET,False,
UFC Fight Night: Ankalaev vs. Rountree Jr.,Ismael Bonfim,Axel Sola,Axel Sola,0.689,Medium Confidence,KO/TKO,-185.0,-198.0,160.0,"[{""prob"": 0.689, ""date"": ""2026-07-20 07:14 PM ET""}, {""prob"": 0.689, ""date"": ""2026-07-20 07:22 PM ET""}, {""prob"": 0.689, ""date"": ""2026-07-20 07:24 PM ET""}, {""prob"": 0.689, ""date"": ""2026-07-20 07:34 PM ET""}, {""prob"": 0.689, ""date"": ""2026-07-20 07:36 PM ET""}, {""prob"": 0.689, ""date"": ""2026-07-20 07:42 PM ET""}, {""prob"": 0.689, ""date"": ""2026-07-20 07:44 PM ET""}, {""prob"": 0.689, ""date"": ""2026-07-20 07:54 PM ET""}, {""prob"": 0.689, ""date"": ""2026-07-20 07:55 PM ET""}, {""prob"": 0.689, ""date"": ""2026-07-20 08:09 PM ET""}]",2026-07-20 08:09 PM ET,False,
UFC Fight Night: Ankalaev vs. Rountree Jr.,Brendson Ribeiro,Magomed Tuchalov,Magomed Tuchalov,0.609,Medium Confidence,KO/TKO,-700.0,-715.0,490.0,"[{""prob"": 0.609, ""date"": ""2026-07-20 07:14 PM ET""}, {""prob"": 0.609, ""date"": ""2026-07-20 07:22 PM ET""}, {""prob"": 0.609, ""date"": ""2026-07-20 07:24 PM ET""}, {""prob"": 0.609, ""date"": ""2026-07-20 07:34 PM ET""}, {""prob"": 0.609, ""date"": ""2026-07-20 07:36 PM ET""}, {""prob"": 0.609, ""date"": ""2026-07-20 07:42 PM ET""}, {""prob"": 0.609, ""date"": ""2026-07-20 07:44 PM ET""}, {""prob"": 0.609, ""date"": ""2026-07-20 07:54 PM ET""}, {""prob"": 0.609, ""date"": ""2026-07-20 07:55 PM ET""}, {""prob"": 0.609, ""date"": ""2026-07-20 08:09 PM ET""}]",2026-07-20 08:09 PM ET,False,
UFC Fight Night: Ankalaev vs. Rountree Jr.,Nurullo Aliev,Mike Davis,Nurullo Aliev,0.52,Low Confidence,Decision,-177.0,-195.0,146.0,"[{""prob"": 0.52, ""date"": ""2026-07-20 07:14 PM ET""}, {""prob"": 0.52, ""date"": ""2026-07-20 07:22 PM ET""}, {""prob"": 0.52, ""date"": ""2026-07-20 07:24 PM ET""}, {""prob"": 0.52, ""date"": ""2026-07-20 07:34 PM ET""}, {""prob"": 0.52, ""date"": ""2026-07-20 07:36 PM ET""}, {""prob"": 0.52, ""date"": ""2026-07-20 07:42 PM ET""}, {""prob"": 0.52, ""date"": ""2026-07-20 07:44 PM ET""}, {""prob"": 0.52, ""date"": ""2026-07-20 07:54 PM ET""}, {""prob"": 0.52, ""date"": ""2026-07-20 07:55 PM ET""}, {""prob"": 0.52, ""date"": ""2026-07-20 08:09 PM ET""}]",2026-07-20 08:09 PM ET,False,
UFC Fight Night: Ankalaev vs. Rountree Jr.,Cody Gibson,Abdul Hussein,Abdul Hussein,0.844,High Confidence,Decision,-405.0,-437.5,309.5,"[{""prob"": 0.844, ""date"": ""2026-07-20 07:14 PM ET""}, {""prob"": 0.844, ""date"": ""2026-07-20 07:22 PM ET""}, {""prob"": 0.844, ""date"": ""2026-07-20 07:24 PM ET""}, {""prob"": 0.844, ""date"": ""2026-07-20 07:34 PM ET""}, {""prob"": 0.844, ""date"": ""2026-07-20 07:36 PM ET""}, {""prob"": 0.844, ""date"": ""2026-07-20 07:42 PM ET""}, {""prob"": 0.844, ""date"": ""2026-07-20 07:44 PM ET""}, {""prob"": 0.844, ""date"": ""2026-07-20 07:54 PM ET""}, {""prob"": 0.844, ""date"": ""2026-07-20 07:55 PM ET""}, {""prob"": 0.844, ""date"": ""2026-07-20 08:09 PM ET""}]",2026-07-20 08:09 PM ET,True,
UFC Fight Night: Ankalaev vs. Rountree Jr.,Dustin Jacoby,Muhammad Said,Muhammad Said,0.58,Low Confidence,Decision,,,,"[{""prob"": 0.58, ""date"": ""2026-07-20 07:14 PM ET""}, {""prob"": 0.58, ""date"": ""2026-07-20 07:22 PM ET""}, {""prob"": 0.58, ""date"": ""2026-07-20 07:24 PM ET""}, {""prob"": 0.58, ""date"": ""2026-07-20 07:34 PM ET""}, {""prob"": 0.58, ""date"": ""2026-07-20 07:36 PM ET""}, {""prob"": 0.58, ""date"": ""2026-07-20 07:42 PM ET""}, {""prob"": 0.58, ""date"": ""2026-07-20 07:44 PM ET""}, {""prob"": 0.58, ""date"": ""2026-07-20 07:54 PM ET""}, {""prob"": 0.58, ""date"": ""2026-07-20 07:55 PM ET""}, {""prob"": 0.58, ""date"": ""2026-07-20 08:09 PM ET""}]",2026-07-20 08:09 PM ET,False,
UFC Fight Night: Ankalaev vs. Guskov,Magomed Ankalaev,Bogdan Guskov,Magomed Ankalaev,0.694,Medium Confidence,Decision,-550.0,-440.5405405405404,400.0,"[{""prob"": 0.694, ""date"": ""2026-07-25 08:32 AM ET""}, {""prob"": 0.694, ""date"": ""2026-07-25 08:46 AM ET""}, {""prob"": 0.694, ""date"": ""2026-07-25 08:48 AM ET""}, {""prob"": 0.694, ""date"": ""2026-07-25 10:12 AM ET""}, {""prob"": 0.694, ""date"": ""2026-07-25 11:19 AM ET""}, {""prob"": 0.694, ""date"": ""2026-07-25 12:14 PM ET""}, {""prob"": 0.694, ""date"": ""2026-07-25 01:15 PM ET""}, {""prob"": 0.694, ""date"": ""2026-07-25 02:09 PM ET""}, {""prob"": 0.694, ""date"": ""2026-07-25 03:32 PM ET""}, {""prob"": 0.694, ""date"": ""2026-07-25 04:28 PM ET""}]",2026-07-25 04:28 PM ET,False,
UFC Fight Night: Ankalaev vs. Guskov,Steve Erceg,Ramazan Temirov,Ramazan Temirov,0.56,Low Confidence,Decision,-106.18556701030928,-199900.00000002203,106.18556701030928,"[{""prob"": 0.56, ""date"": ""2026-07-25 08:32 AM ET""}, {""prob"": 0.56, ""date"": ""2026-07-25 08:46 AM ET""}, {""prob"": 0.56, ""date"": ""2026-07-25 08:48 AM ET""}, {""prob"": 0.56, ""date"": ""2026-07-25 10:12 AM ET""}, {""prob"": 0.56, ""date"": ""2026-07-25 11:19 AM ET""}, {""prob"": 0.56, ""date"": ""2026-07-25 12:14 PM ET""}, {""prob"": 0.56, ""date"": ""2026-07-25 01:15 PM ET""}, {""prob"": 0.56, ""date"": ""2026-07-25 02:09 PM ET""}, {""prob"": 0.56, ""date"": ""2026-07-25 03:32 PM ET""}, {""prob"": 0.56, ""date"": ""2026-07-25 04:28 PM ET""}]",2026-07-25 04:28 PM ET,False,
UFC Fight Night: Ankalaev vs. Guskov,Islam Dulatov,Wellington Turman,Islam Dulatov,0.891,High Confidence,KO/TKO,-850.0,-850.0,575.0,"[{""prob"": 0.891, ""date"": ""2026-07-26 03:48 PM ET""}, {""prob"": 0.891, ""date"": ""2026-07-26 04:19 PM ET""}, {""prob"": 0.891, ""date"": ""2026-07-26 04:20 PM ET""}, {""prob"": 0.891, ""date"": ""2026-07-26 04:40 PM ET""}, {""prob"": 0.891, ""date"": ""2026-07-26 04:51 PM ET""}, {""prob"": 0.891, ""date"": ""2026-07-26 04:53 PM ET""}, {""prob"": 0.891, ""date"": ""2026-07-26 05:36 PM ET""}, {""prob"": 0.891, ""date"": ""2026-07-26 06:36 PM ET""}, {""prob"": 0.891, ""date"": ""2026-07-26 07:34 PM ET""}, {""prob"": 0.891, ""date"": ""2026-07-26 09:13 PM ET""}]",2026-07-26 09:13 PM ET,true,True
UFC Fight Night: Ankalaev vs. Guskov,Magomed Zaynukov,Damian Rzepecki,Damian Rzepecki,0.675,Medium Confidence,Submission,261.0,199900.0,-325.0,"[{""prob"": 0.675, ""date"": ""2026-07-25 08:32 AM ET""}, {""prob"": 0.675, ""date"": ""2026-07-25 08:46 AM ET""}, {""prob"": 0.675, ""date"": ""2026-07-25 08:48 AM ET""}, {""prob"": 0.675, ""date"": ""2026-07-25 10:12 AM ET""}, {""prob"": 0.675, ""date"": ""2026-07-25 11:19 AM ET""}, {""prob"": 0.675, ""date"": ""2026-07-25 12:14 PM ET""}, {""prob"": 0.675, ""date"": ""2026-07-25 01:15 PM ET""}, {""prob"": 0.675, ""date"": ""2026-07-25 02:09 PM ET""}, {""prob"": 0.675, ""date"": ""2026-07-25 03:32 PM ET""}, {""prob"": 0.675, ""date"": ""2026-07-25 04:28 PM ET""}]",2026-07-25 04:28 PM ET,False,
UFC Fight Night: Ankalaev vs. Guskov,Rizvan Kuniev,Tyrell Fortune,Tyrell Fortune,0.55,Low Confidence,Decision,230.0,199900.0,-285.0,"[{""prob"": 0.55, ""date"": ""2026-07-25 08:32 AM ET""}, {""prob"": 0.55, ""date"": ""2026-07-25 08:46 AM ET""}, {""prob"": 0.55, ""date"": ""2026-07-25 08:48 AM ET""}, {""prob"": 0.55, ""date"": ""2026-07-25 10:12 AM ET""}, {""prob"": 0.55, ""date"": ""2026-07-25 11:19 AM ET""}, {""prob"": 0.55, ""date"": ""2026-07-25 12:14 PM ET""}, {""prob"": 0.55, ""date"": ""2026-07-25 01:15 PM ET""}, {""prob"": 0.55, ""date"": ""2026-07-25 02:09 PM ET""}, {""prob"": 0.55, ""date"": ""2026-07-25 03:32 PM ET""}, {""prob"": 0.55, ""date"": ""2026-07-25 04:28 PM ET""}]",2026-07-25 04:28 PM ET,False,
UFC Fight Night: Ankalaev vs. Guskov,Abubakar Vagaev,Saygid Izagakhmaev,Saygid Izagakhmaev,0.679,Medium Confidence,Submission,181.69014084507043,181.69014084507043,-181.69014084507043,"[{""prob"": 0.679, ""date"": ""2026-07-25 08:32 AM ET""}, {""prob"": 0.679, ""date"": ""2026-07-25 08:46 AM ET""}, {""prob"": 0.679, ""date"": ""2026-07-25 08:48 AM ET""}, {""prob"": 0.679, ""date"": ""2026-07-25 10:12 AM ET""}, {""prob"": 0.679, ""date"": ""2026-07-25 11:19 AM ET""}, {""prob"": 0.679, ""date"": ""2026-07-25 12:14 PM ET""}, {""prob"": 0.679, ""date"": ""2026-07-25 01:15 PM ET""}, {""prob"": 0.679, ""date"": ""2026-07-25 02:09 PM ET""}, {""prob"": 0.679, ""date"": ""2026-07-25 03:32 PM ET""}, {""prob"": 0.679, ""date"": ""2026-07-25 04:28 PM ET""}]",2026-07-25 04:28 PM ET,False,
UFC Fight Night: Ankalaev vs. Guskov,Valter Walker,Thomas Petersen,Valter Walker,0.797,High Confidence,KO/TKO,-190.0,-66566.66666666907,160.0,"[{""prob"": 0.797, ""date"": ""2026-07-25 08:32 AM ET""}, {""prob"": 0.797, ""date"": ""2026-07-25 08:46 AM ET""}, {""prob"": 0.797, ""date"": ""2026-07-25 08:48 AM ET""}, {""prob"": 0.797, ""date"": ""2026-07-25 10:12 AM ET""}, {""prob"": 0.797, ""date"": ""2026-07-25 11:19 AM ET""}, {""prob"": 0.797, ""date"": ""2026-07-25 12:14 PM ET""}, {""prob"": 0.797, ""date"": ""2026-07-25 01:15 PM ET""}, {""prob"": 0.797, ""date"": ""2026-07-25 02:09 PM ET""}, {""prob"": 0.797, ""date"": ""2026-07-25 03:32 PM ET""}, {""prob"": 0.797, ""date"": ""2026-07-25 04:28 PM ET""}]",2026-07-25 04:28 PM ET,False,
UFC Fight Night: Ankalaev vs. Guskov,Dustin Jacoby,Muhammad Said,Muhammad Said,0.726,Medium Confidence,KO/TKO,173.97260273972603,-199900.00000002203,-173.97260273972603,"[{""prob"": 0.726, ""date"": ""2026-07-25 08:32 AM ET""}, {""prob"": 0.726, ""date"": ""2026-07-25 08:46 AM ET""}, {""prob"": 0.726, ""date"": ""2026-07-25 08:48 AM ET""}, {""prob"": 0.726, ""date"": ""2026-07-25 10:12 AM ET""}, {""prob"": 0.726, ""date"": ""2026-07-25 11:19 AM ET""}, {""prob"": 0.726, ""date"": ""2026-07-25 12:14 PM ET""}, {""prob"": 0.726, ""date"": ""2026-07-25 01:15 PM ET""}, {""prob"": 0.726, ""date"": ""2026-07-25 02:09 PM ET""}, {""prob"": 0.726, ""date"": ""2026-07-25 03:32 PM ET""}, {""prob"": 0.726, ""date"": ""2026-07-25 04:28 PM ET""}]",2026-07-25 04:28 PM ET,False,
UFC Fight Night: Ankalaev vs. Guskov,Santiago Ponzinibbio,Sam Patterson,Sam Patterson,0.576,Low Confidence,KO/TKO,-410.0,-412.820512820513,310.0,"[{""prob"": 0.576, ""date"": ""2026-07-25 08:32 AM ET""}, {""prob"": 0.576, ""date"": ""2026-07-25 08:46 AM ET""}, {""prob"": 0.576, ""date"": ""2026-07-25 08:48 AM ET""}, {""prob"": 0.576, ""date"": ""2026-07-25 10:12 AM ET""}, {""prob"": 0.576, ""date"": ""2026-07-25 11:19 AM ET""}, {""prob"": 0.576, ""date"": ""2026-07-25 12:14 PM ET""}, {""prob"": 0.576, ""date"": ""2026-07-25 01:15 PM ET""}, {""prob"": 0.576, ""date"": ""2026-07-25 02:09 PM ET""}, {""prob"": 0.576, ""date"": ""2026-07-25 03:32 PM ET""}, {""prob"": 0.576, ""date"": ""2026-07-25 04:28 PM ET""}]",2026-07-25 04:28 PM ET,False,
UFC Fight Night: Ankalaev vs. Guskov,Ismael Bonfim,Axel Sola,Axel Sola,0.871,High Confidence,KO/TKO,-198.0,-166.66666666666666,162.0,"[{""prob"": 0.871, ""date"": ""2026-07-25 08:32 AM ET""}, {""prob"": 0.871, ""date"": ""2026-07-25 08:46 AM ET""}, {""prob"": 0.871, ""date"": ""2026-07-25 08:48 AM ET""}, {""prob"": 0.871, ""date"": ""2026-07-25 10:12 AM ET""}, {""prob"": 0.871, ""date"": ""2026-07-25 11:19 AM ET""}, {""prob"": 0.871, ""date"": ""2026-07-25 12:14 PM ET""}, {""prob"": 0.871, ""date"": ""2026-07-25 01:15 PM ET""}, {""prob"": 0.871, ""date"": ""2026-07-25 02:09 PM ET""}, {""prob"": 0.871, ""date"": ""2026-07-25 03:32 PM ET""}, {""prob"": 0.871, ""date"": ""2026-07-25 04:28 PM ET""}]",2026-07-25 04:28 PM ET,True,
UFC Fight Night: Ankalaev vs. Guskov,Brendson Ribeiro,Magomed Tuchalov,Magomed Tuchalov,0.863,High Confidence,KO/TKO,-715.0,-715.0,500.0,"[{""prob"": 0.863, ""date"": ""2026-07-25 08:32 AM ET""}, {""prob"": 0.863, ""date"": ""2026-07-25 08:46 AM ET""}, {""prob"": 0.863, ""date"": ""2026-07-25 08:48 AM ET""}, {""prob"": 0.863, ""date"": ""2026-07-25 10:12 AM ET""}, {""prob"": 0.863, ""date"": ""2026-07-25 11:19 AM ET""}, {""prob"": 0.863, ""date"": ""2026-07-25 12:14 PM ET""}, {""prob"": 0.863, ""date"": ""2026-07-25 01:15 PM ET""}, {""prob"": 0.863, ""date"": ""2026-07-25 02:09 PM ET""}, {""prob"": 0.863, ""date"": ""2026-07-25 03:32 PM ET""}, {""prob"": 0.863, ""date"": ""2026-07-25 04:28 PM ET""}]",2026-07-25 04:28 PM ET,False,
UFC Fight Night: Ankalaev vs. Guskov,Nurullo Aliev,Mike Davis,Nurullo Aliev,0.543,Low Confidence,Decision,-195.0,-33233.33333333331,160.0,"[{""prob"": 0.543, ""date"": ""2026-07-25 08:32 AM ET""}, {""prob"": 0.543, ""date"": ""2026-07-25 08:46 AM ET""}, {""prob"": 0.543, ""date"": ""2026-07-25 08:48 AM ET""}, {""prob"": 0.543, ""date"": ""2026-07-25 10:12 AM ET""}, {""prob"": 0.543, ""date"": ""2026-07-25 11:19 AM ET""}, {""prob"": 0.543, ""date"": ""2026-07-25 12:14 PM ET""}, {""prob"": 0.543, ""date"": ""2026-07-25 01:15 PM ET""}, {""prob"": 0.543, ""date"": ""2026-07-25 02:09 PM ET""}, {""prob"": 0.543, ""date"": ""2026-07-25 03:32 PM ET""}, {""prob"": 0.543, ""date"": ""2026-07-25 04:28 PM ET""}]",2026-07-25 04:28 PM ET,False,
UFC Fight Night: Ankalaev vs. Guskov,Cody Gibson,Abdul Hussein,Abdul Hussein,0.926,High Confidence,Submission,-437.5,-506.0606060606059,337.5,"[{""prob"": 0.926, ""date"": ""2026-07-25 08:32 AM ET""}, {""prob"": 0.926, ""date"": ""2026-07-25 08:46 AM ET""}, {""prob"": 0.926, ""date"": ""2026-07-25 08:48 AM ET""}, {""prob"": 0.926, ""date"": ""2026-07-25 10:12 AM ET""}, {""prob"": 0.926, ""date"": ""2026-07-25 11:19 AM ET""}, {""prob"": 0.926, ""date"": ""2026-07-25 12:14 PM ET""}, {""prob"": 0.926, ""date"": ""2026-07-25 01:15 PM ET""}, {""prob"": 0.926, ""date"": ""2026-07-25 02:09 PM ET""}, {""prob"": 0.926, ""date"": ""2026-07-25 03:32 PM ET""}, {""prob"": 0.926, ""date"": ""2026-07-25 04:28 PM ET""}]",2026-07-25 04:28 PM ET,True,
UFC Fight Night: Medić vs. Rodriguez,Uroš Medić,Daniel Rodriguez,Uroš Medić,0.616,Medium Confidence,KO/TKO,-325.53191489361706,-344.44444444444446,325.53191489361706,"[{""prob"": 0.616, ""date"": ""2026-07-29 09:07 PM ET""}, {""prob"": 0.616, ""date"": ""2026-07-29 09:09 PM ET""}, {""prob"": 0.616, ""date"": ""2026-07-29 09:21 PM ET""}, {""prob"": 0.616, ""date"": ""2026-07-29 09:23 PM ET""}, {""prob"": 0.616, ""date"": ""2026-07-29 09:30 PM ET""}, {""prob"": 0.616, ""date"": ""2026-07-29 09:32 PM ET""}, {""prob"": 0.616, ""date"": ""2026-07-29 09:42 PM ET""}, {""prob"": 0.616, ""date"": ""2026-07-29 09:44 PM ET""}, {""prob"": 0.616, ""date"": ""2026-07-29 09:52 PM ET""}, {""prob"": 0.616, ""date"": ""2026-07-29 09:54 PM ET""}]",2026-07-29 09:54 PM ET,false,
UFC Fight Night: Medić vs. Rodriguez,Jan Blachowicz,Navajo Stirling,Navajo Stirling,0.636,Medium Confidence,KO/TKO,-292.156862745098,-277.35849056603774,292.156862745098,"[{""prob"": 0.636, ""date"": ""2026-07-29 09:07 PM ET""}, {""prob"": 0.636, ""date"": ""2026-07-29 09:09 PM ET""}, {""prob"": 0.636, ""date"": ""2026-07-29 09:21 PM ET""}, {""prob"": 0.636, ""date"": ""2026-07-29 09:23 PM ET""}, {""prob"": 0.636, ""date"": ""2026-07-29 09:30 PM ET""}, {""prob"": 0.636, ""date"": ""2026-07-29 09:32 PM ET""}, {""prob"": 0.636, ""date"": ""2026-07-29 09:42 PM ET""}, {""prob"": 0.636, ""date"": ""2026-07-29 09:44 PM ET""}, {""prob"": 0.636, ""date"": ""2026-07-29 09:52 PM ET""}, {""prob"": 0.636, ""date"": ""2026-07-29 09:54 PM ET""}]",2026-07-29 09:54 PM ET,false,
UFC Fight Night: Medić vs. Rodriguez,Aleksandar Rakic,Marcin Tybura,Marcin Tybura,0.594,Low Confidence,KO/TKO,325.53191489361706,325.53191489361706,-325.53191489361706,"[{""prob"": 0.594, ""date"": ""2026-07-29 09:07 PM ET""}, {""prob"": 0.594, ""date"": ""2026-07-29 09:09 PM ET""}, {""prob"": 0.594, ""date"": ""2026-07-29 09:21 PM ET""}, {""prob"": 0.594, ""date"": ""2026-07-29 09:23 PM ET""}, {""prob"": 0.594, ""date"": ""2026-07-29 09:30 PM ET""}, {""prob"": 0.594, ""date"": ""2026-07-29 09:32 PM ET""}, {""prob"": 0.594, ""date"": ""2026-07-29 09:42 PM ET""}, {""prob"": 0.594, ""date"": ""2026-07-29 09:44 PM ET""}, {""prob"": 0.594, ""date"": ""2026-07-29 09:52 PM ET""}, {""prob"": 0.594, ""date"": ""2026-07-29 09:54 PM ET""}]",2026-07-29 09:54 PM ET,false,
UFC Fight Night: Medić vs. Rodriguez,Duško Todorović,Robert Valentin,Duško Todorović,0.793,High Confidence,KO/TKO,146.91358024691357,146.91358024691357,-146.91358024691357,"[{""prob"": 0.793, ""date"": ""2026-07-29 09:07 PM ET""}, {""prob"": 0.793, ""date"": ""2026-07-29 09:09 PM ET""}, {""prob"": 0.793, ""date"": ""2026-07-29 09:21 PM ET""}, {""prob"": 0.793, ""date"": ""2026-07-29 09:23 PM ET""}, {""prob"": 0.793, ""date"": ""2026-07-29 09:30 PM ET""}, {""prob"": 0.793, ""date"": ""2026-07-29 09:32 PM ET""}, {""prob"": 0.793, ""date"": ""2026-07-29 09:42 PM ET""}, {""prob"": 0.793, ""date"": ""2026-07-29 09:44 PM ET""}, {""prob"": 0.793, ""date"": ""2026-07-29 09:52 PM ET""}, {""prob"": 0.793, ""date"": ""2026-07-29 09:54 PM ET""}]",2026-07-29 09:54 PM ET,false,
UFC Fight Night: Medić vs. Rodriguez,Vlasto Čepo,Gilbert Urbina,Vlasto Čepo,0.852,High Confidence,KO/TKO,-277.35849056603774,-277.35849056603774,277.35849056603774,"[{""prob"": 0.852, ""date"": ""2026-07-29 09:07 PM ET""}, {""prob"": 0.852, ""date"": ""2026-07-29 09:09 PM ET""}, {""prob"": 0.852, ""date"": ""2026-07-29 09:21 PM ET""}, {""prob"": 0.852, ""date"": ""2026-07-29 09:23 PM ET""}, {""prob"": 0.852, ""date"": ""2026-07-29 09:30 PM ET""}, {""prob"": 0.852, ""date"": ""2026-07-29 09:32 PM ET""}, {""prob"": 0.852, ""date"": ""2026-07-29 09:42 PM ET""}, {""prob"": 0.852, ""date"": ""2026-07-29 09:44 PM ET""}, {""prob"": 0.852, ""date"": ""2026-07-29 09:52 PM ET""}, {""prob"": 0.852, ""date"": ""2026-07-29 09:54 PM ET""}]",2026-07-29 09:54 PM ET,true,
UFC Fight Night: Medić vs. Rodriguez,Ludovit Klein,Tofiq Musayev,Tofiq Musayev,0.5,Low Confidence,KO/TKO,-217.4603174603175,198.50746268656715,217.46031746031747,"[{""prob"": 0.5, ""date"": ""2026-07-29 09:07 PM ET""}, {""prob"": 0.5, ""date"": ""2026-07-29 09:09 PM ET""}, {""prob"": 0.5, ""date"": ""2026-07-29 09:21 PM ET""}, {""prob"": 0.5, ""date"": ""2026-07-29 09:23 PM ET""}, {""prob"": 0.5, ""date"": ""2026-07-29 09:30 PM ET""}, {""prob"": 0.5, ""date"": ""2026-07-29 09:32 PM ET""}, {""prob"": 0.5, ""date"": ""2026-07-29 09:42 PM ET""}, {""prob"": 0.5, ""date"": ""2026-07-29 09:44 PM ET""}, {""prob"": 0.5, ""date"": ""2026-07-29 09:52 PM ET""}, {""prob"": 0.5, ""date"": ""2026-07-29 09:54 PM ET""}]",2026-07-29 09:54 PM ET,false,
UFC Fight Night: Medić vs. Rodriguez,Oban Elliott,Michael Oliveira,Michael Oliveira,0.817,High Confidence,KO/TKO,-292.156862745098,-325.53191489361706,292.156862745098,"[{""prob"": 0.817, ""date"": ""2026-07-29 09:07 PM ET""}, {""prob"": 0.817, ""date"": ""2026-07-29 09:09 PM ET""}, {""prob"": 0.817, ""date"": ""2026-07-29 09:21 PM ET""}, {""prob"": 0.817, ""date"": ""2026-07-29 09:23 PM ET""}, {""prob"": 0.817, ""date"": ""2026-07-29 09:30 PM ET""}, {""prob"": 0.817, ""date"": ""2026-07-29 09:32 PM ET""}, {""prob"": 0.817, ""date"": ""2026-07-29 09:42 PM ET""}, {""prob"": 0.817, ""date"": ""2026-07-29 09:44 PM ET""}, {""prob"": 0.817, ""date"": ""2026-07-29 09:52 PM ET""}, {""prob"": 0.817, ""date"": ""2026-07-29 09:54 PM ET""}]",2026-07-29 09:54 PM ET,false,
UFC Fight Night: Medić vs. Rodriguez,Mark Vologdin,Josias Musasa,Mark Vologdin,0.646,Medium Confidence,KO/TKO,102.02020202020202,102.02020202020202,-102.02020202020202,"[{""prob"": 0.646, ""date"": ""2026-07-28 07:15 PM ET""}, {""prob"": 0.646, ""date"": ""2026-07-28 07:19 PM ET""}, {""prob"": 0.646, ""date"": ""2026-07-28 07:27 PM ET""}, {""prob"": 0.646, ""date"": ""2026-07-28 07:29 PM ET""}, {""prob"": 0.646, ""date"": ""2026-07-28 07:47 PM ET""}, {""prob"": 0.646, ""date"": ""2026-07-28 07:49 PM ET""}, {""prob"": 0.646, ""date"": ""2026-07-28 08:01 PM ET""}, {""prob"": 0.646, ""date"": ""2026-07-28 08:03 PM ET""}, {""prob"": 0.646, ""date"": ""2026-07-28 08:11 PM ET""}, {""prob"": 0.646, ""date"": ""2026-07-28 11:38 PM ET""}]",2026-07-28 11:38 PM ET,false,
UFC Fight Night: Medić vs. Rodriguez,Dennis Buzukja,Bogdan Grad,Bogdan Grad,0.706,Medium Confidence,KO/TKO,-170.27027027027026,-189.85507246376812,170.27027027027026,"[{""prob"": 0.706, ""date"": ""2026-07-29 09:07 PM ET""}, {""prob"": 0.706, ""date"": ""2026-07-29 09:09 PM ET""}, {""prob"": 0.706, ""date"": ""2026-07-29 09:21 PM ET""}, {""prob"": 0.706, ""date"": ""2026-07-29 09:23 PM ET""}, {""prob"": 0.706, ""date"": ""2026-07-29 09:30 PM ET""}, {""prob"": 0.706, ""date"": ""2026-07-29 09:32 PM ET""}, {""prob"": 0.706, ""date"": ""2026-07-29 09:42 PM ET""}, {""prob"": 0.706, ""date"": ""2026-07-29 09:44 PM ET""}, {""prob"": 0.706, ""date"": ""2026-07-29 09:52 PM ET""}, {""prob"": 0.706, ""date"": ""2026-07-29 09:54 PM ET""}]",2026-07-29 09:54 PM ET,false,
UFC Fight Night: Medić vs. Rodriguez,Mateusz Rębecki,Kyle Prepolec,Mateusz Rębecki,0.861,High Confidence,KO/TKO,-426.31578947368433,-545.1612903225805,426.3157894736842,"[{""prob"": 0.861, ""date"": ""2026-07-29 09:07 PM ET""}, {""prob"": 0.861, ""date"": ""2026-07-29 09:09 PM ET""}, {""prob"": 0.861, ""date"": ""2026-07-29 09:21 PM ET""}, {""prob"": 0.861, ""date"": ""2026-07-29 09:23 PM ET""}, {""prob"": 0.861, ""date"": ""2026-07-29 09:30 PM ET""}, {""prob"": 0.861, ""date"": ""2026-07-29 09:32 PM ET""}, {""prob"": 0.861, ""date"": ""2026-07-29 09:42 PM ET""}, {""prob"": 0.861, ""date"": ""2026-07-29 09:44 PM ET""}, {""prob"": 0.861, ""date"": ""2026-07-29 09:52 PM ET""}, {""prob"": 0.861, ""date"": ""2026-07-29 09:54 PM ET""}]",2026-07-29 09:54 PM ET,true,
UFC Fight Night: Medić vs. Rodriguez,Nina Milošević,Hailey Cowan,Nina Milošević,0.713,Medium Confidence,Decision,-334.7826086956522,-412.82051282051293,334.7826086956522,"[{""prob"": 0.713, ""date"": ""2026-07-29 09:07 PM ET""}, {""prob"": 0.713, ""date"": ""2026-07-29 09:09 PM ET""}, {""prob"": 0.713, ""date"": ""2026-07-29 09:21 PM ET""}, {""prob"": 0.713, ""date"": ""2026-07-29 09:23 PM ET""}, {""prob"": 0.713, ""date"": ""2026-07-29 09:30 PM ET""}, {""prob"": 0.713, ""date"": ""2026-07-29 09:32 PM ET""}, {""prob"": 0.713, ""date"": ""2026-07-29 09:42 PM ET""}, {""prob"": 0.713, ""date"": ""2026-07-29 09:44 PM ET""}, {""prob"": 0.713, ""date"": ""2026-07-29 09:52 PM ET""}, {""prob"": 0.713, ""date"": ""2026-07-29 09:54 PM ET""}]",2026-07-29 09:54 PM ET,false,
UFC Fight Night: Medić vs. Rodriguez,Jovan Leka,Max Gimenis,Jovan Leka,0.726,Medium Confidence,KO/TKO,-102.02020202020202,-102.02020202020202,102.02020202020202,"[{""prob"": 0.726, ""date"": ""2026-07-28 07:15 PM ET""}, {""prob"": 0.726, ""date"": ""2026-07-28 07:19 PM ET""}, {""prob"": 0.726, ""date"": ""2026-07-28 07:27 PM ET""}, {""prob"": 0.726, ""date"": ""2026-07-28 07:29 PM ET""}, {""prob"": 0.726, ""date"": ""2026-07-28 07:47 PM ET""}, {""prob"": 0.726, ""date"": ""2026-07-28 07:49 PM ET""}, {""prob"": 0.726, ""date"": ""2026-07-28 08:01 PM ET""}, {""prob"": 0.726, ""date"": ""2026-07-28 08:03 PM ET""}, {""prob"": 0.726, ""date"": ""2026-07-28 08:11 PM ET""}, {""prob"": 0.726, ""date"": ""2026-07-28 11:38 PM ET""}]",2026-07-28 11:38 PM ET,false,
UFC Fight Night: Medić vs. Rodriguez,Milos Janicic,Noah Gugnon,Milos Janicic,0.651,Medium Confidence,KO/TKO,-277.35849056603774,102.02020202020202,277.35849056603774,"[{""prob"": 0.651, ""date"": ""2026-07-29 09:07 PM ET""}, {""prob"": 0.651, ""date"": ""2026-07-29 09:09 PM ET""}, {""prob"": 0.651, ""date"": ""2026-07-29 09:21 PM ET""}, {""prob"": 0.651, ""date"": ""2026-07-29 09:23 PM ET""}, {""prob"": 0.651, ""date"": ""2026-07-29 09:30 PM ET""}, {""prob"": 0.651, ""date"": ""2026-07-29 09:32 PM ET""}, {""prob"": 0.651, ""date"": ""2026-07-29 09:42 PM ET""}, {""prob"": 0.651, ""date"": ""2026-07-29 09:44 PM ET""}, {""prob"": 0.651, ""date"": ""2026-07-29 09:52 PM ET""}, {""prob"": 0.651, ""date"": ""2026-07-29 09:54 PM ET""}]",2026-07-29 09:54 PM ET,false,
UFC Fight Night: Medić vs. Rodriguez,Borislav Nikolic,Mark Vologdin,Mark Vologdin,0.796,High Confidence,Submission,387.8048780487805,181.69014084507043,-387.80487804878055,"[{""prob"": 0.796, ""date"": ""2026-07-29 09:07 PM ET""}, {""prob"": 0.796, ""date"": ""2026-07-29 09:09 PM ET""}, {""prob"": 0.796, ""date"": ""2026-07-29 09:21 PM ET""}, {""prob"": 0.796, ""date"": ""2026-07-29 09:23 PM ET""}, {""prob"": 0.796, ""date"": ""2026-07-29 09:30 PM ET""}, {""prob"": 0.796, ""date"": ""2026-07-29 09:32 PM ET""}, {""prob"": 0.796, ""date"": ""2026-07-29 09:42 PM ET""}, {""prob"": 0.796, ""date"": ""2026-07-29 09:44 PM ET""}, {""prob"": 0.796, ""date"": ""2026-07-29 09:52 PM ET""}, {""prob"": 0.796, ""date"": ""2026-07-29 09:54 PM ET""}]",2026-07-29 09:54 PM ET,false,
UFC Fight Night: Medić vs. Rodriguez,Jovan Leka,Alexander Poppeck,Jovan Leka,0.725,Medium Confidence,KO/TKO,-440.5405405405404,-212.50000000000003,440.5405405405405,"[{""prob"": 0.725, ""date"": ""2026-07-29 09:07 PM ET""}, {""prob"": 0.725, ""date"": ""2026-07-29 09:09 PM ET""}, {""prob"": 0.725, ""date"": ""2026-07-29 09:21 PM ET""}, {""prob"": 0.725, ""date"": ""2026-07-29 09:23 PM ET""}, {""prob"": 0.725, ""date"": ""2026-07-29 09:30 PM ET""}, {""prob"": 0.725, ""date"": ""2026-07-29 09:32 PM ET""}, {""prob"": 0.725, ""date"": ""2026-07-29 09:42 PM ET""}, {""prob"": 0.725, ""date"": ""2026-07-29 09:44 PM ET""}, {""prob"": 0.725, ""date"": ""2026-07-29 09:52 PM ET""}, {""prob"": 0.725, ""date"": ""2026-07-29 09:54 PM ET""}]",2026-07-29 09:54 PM ET,false,
UFC Fight Night: Medić vs. Rodriguez,Marina Spasić,Stephanie Luciano,Marina Spasić,0.658,Medium Confidence,KO/TKO,-100.0,308.16326530612247,-100.0,"[{""prob"": 0.658, ""date"": ""2026-07-29 09:07 PM ET""}, {""prob"": 0.658, ""date"": ""2026-07-29 09:09 PM ET""}, {""prob"": 0.658, ""date"": ""2026-07-29 09:21 PM ET""}, {""prob"": 0.658, ""date"": ""2026-07-29 09:23 PM ET""}, {""prob"": 0.658, ""date"": ""2026-07-29 09:30 PM ET""}, {""prob"": 0.658, ""date"": ""2026-07-29 09:32 PM ET""}, {""prob"": 0.658, ""date"": ""2026-07-29 09:42 PM ET""}, {""prob"": 0.658, ""date"": ""2026-07-29 09:44 PM ET""}, {""prob"": 0.658, ""date"": ""2026-07-29 09:52 PM ET""}, {""prob"": 0.658, ""date"": ""2026-07-29 09:54 PM ET""}]",2026-07-29 09:54 PM ET,false,
