play_id,event_name,event_date,fighter_a,fighter_b,card_position,weight_class,axis,market,selection,label,tier,is_lock,is_prop,odds_american,venue,units,to_win,model_prob,fair_prob,blended_prob,ev_per_unit,required_prob,published_at,last_seen,closing_odds,result,units_result,graded_at,void_reason
UFC 331: Van vs. Pantoja 2|Ryan Gandra|Ozzy Diaz|Total Rounds Over 1.5|Ryan Gandra vs Ozzy Diaz,UFC 331: Van vs. Pantoja 2,2026-09-19,Ryan Gandra,Ozzy Diaz,Early Prelims,Middleweight,manner,Total Rounds Over 1.5,Ryan Gandra vs Ozzy Diaz,Over 1.5 rounds,,0,1,190,DraftKings,2.0,3.8,0.5713,0.326,0.3996,0.1588,0.3793,2026-09-15 11:44 AM ET,2026-09-19 05:55 PM ET,168,lost,-2.0,2026-09-19 07:21 PM ET,
UFC 331: Van vs. Pantoja 2|Casey O'Neill|Eduarda Moura|Moneyline|Casey O'Neill,UFC 331: Van vs. Pantoja 2,2026-09-19,Casey O'Neill,Eduarda Moura,Early Prelims,Women's Flyweight,outcome,Moneyline,Casey O'Neill,Casey O'Neill Moneyline,Low Confidence,0,0,-110,BetMGM,1.0,0.91,0.559,0.583,0.5754,0.0985,0.55,2026-09-19 06:08 PM ET,2026-09-19 07:54 PM ET,-110,won,0.91,2026-09-19 06:24 PM ET,
UFC 331: Van vs. Pantoja 2|Tai Tuivasa|Robelis Despaigne|Total Rounds Over 1.5|Tai Tuivasa vs Robelis Despaigne,UFC 331: Van vs. Pantoja 2,2026-09-19,Tai Tuivasa,Robelis Despaigne,Prelims,Heavyweight,manner,Total Rounds Over 1.5,Tai Tuivasa vs Robelis Despaigne,Over 1.5 rounds,,0,1,160,DraftKings,3.0,4.8,0.3941,0.644,0.569,0.4794,0.4231,2026-09-19 07:21 PM ET,2026-09-19 08:26 PM ET,-213,won,4.8,2026-09-19 08:39 PM ET,
UFC Fight Night: Rosas Jr. vs. Barcelos|Rodolfo Vieira|Robert Bryczek|Moneyline|Rodolfo Vieira,UFC Fight Night: Rosas Jr. vs. Barcelos,2026-09-26,Rodolfo Vieira,Robert Bryczek,Co-Main Event,Middleweight,outcome,Moneyline,Rodolfo Vieira,Rodolfo Vieira Moneyline,Medium Confidence,0,0,-110,BetMGM,1.5,1.36,0.659,0.506,0.5516,0.0531,0.55,2026-09-20 09:55 AM ET,2026-09-26 07:41 PM ET,-170,won,1.36,2026-09-26 07:41 PM ET,
UFC Fight Night: Rosas Jr. vs. Barcelos|Melissa Amaya|Valesca Machado|Moneyline|Melissa Amaya,UFC Fight Night: Rosas Jr. vs. Barcelos,2026-09-26,Melissa Amaya,Valesca Machado,Main Card,Women's Strawweight,outcome,Moneyline,Melissa Amaya,Melissa Amaya Moneyline,Medium Confidence,0,0,170,DraftKings,2.0,3.4,0.61,0.36,0.435,0.1745,0.3889,2026-09-20 08:18 PM ET,2026-09-26 08:19 PM ET,182,void,0.0,2026-09-21 05:13 PM ET,fight cancelled
UFC Fight Night: Rosas Jr. vs. Barcelos|Josiah Harrell|Elves Brener|Moneyline|Elves Brener,UFC Fight Night: Rosas Jr. vs. Barcelos,2026-09-26,Josiah Harrell,Elves Brener,Prelims,Lightweight,outcome,Moneyline,Elves Brener,Elves Brener Moneyline,Low Confidence,0,0,105,DraftKings,1.0,1.05,0.5089,0.541,0.5314,0.0894,0.5122,2026-09-20 09:29 PM ET,2026-09-26 06:27 PM ET,-141,won,1.05,2026-09-26 06:40 PM ET,
UFC Fight Night: Rosas Jr. vs. Barcelos|Montel Jackson|Ricky Simon|Moneyline|Montel Jackson,UFC Fight Night: Rosas Jr. vs. Barcelos,2026-09-26,Montel Jackson,Ricky Simon,Prelims,Bantamweight,outcome,Moneyline,Montel Jackson,Montel Jackson Moneyline,Medium Confidence,0,0,-230,DraftKings,2.0,0.87,0.714,0.781,0.7607,0.0914,0.7318,2026-09-26 06:15 PM ET,2026-09-26 07:41 PM ET,-230,won,0.87,2026-09-26 06:15 PM ET,
UFC Fight Night: Rosas Jr. vs. Barcelos|Brady Hiestand|Rinya Nakamura|Moneyline|Rinya Nakamura,UFC Fight Night: Rosas Jr. vs. Barcelos,2026-09-26,Brady Hiestand,Rinya Nakamura,Prelims,Bantamweight,outcome,Moneyline,Rinya Nakamura,Rinya Nakamura Moneyline,Medium Confidence,0,0,-145,DraftKings,2.0,1.38,0.685,0.611,0.6332,0.0699,0.6214,2026-09-26 07:54 PM ET,2026-09-26 07:54 PM ET,-145,lost,-2.0,2026-09-26 08:07 PM ET,
UFC 332: Silva vs. Wang|Anthony Wint|Lucas Armand|Total Rounds Over 1.5|Anthony Wint vs Lucas Armand,UFC 332: Silva vs. Wang,2026-10-03,Anthony Wint,Lucas Armand,Prelims,Heavyweight,manner,Total Rounds Over 1.5,Anthony Wint vs Lucas Armand,Over 1.5 rounds,,0,1,190,DraftKings,3.0,5.7,0.4643,0.675,0.6118,0.7742,0.3793,2026-09-30 08:04 PM ET,2026-10-03 07:29 PM ET,101,lost,-3.0,2026-10-03 06:32 PM ET,
UFC 332: Silva vs. Wang|Marcus McGhee|Bernardo Sopaj|Total Rounds Under 2.5|Marcus McGhee vs Bernardo Sopaj,UFC 332: Silva vs. Wang,2026-10-03,Marcus McGhee,Bernardo Sopaj,Prelims,Bantamweight,manner,Total Rounds Under 2.5,Marcus McGhee vs Bernardo Sopaj,Under 2.5 rounds,,0,1,154,DraftKings,3.0,4.62,0.5547,0.629,0.6067,0.541,0.4331,2026-09-30 08:04 PM ET,2026-10-01 05:48 PM ET,154,void,0.0,2026-10-01 07:54 PM ET,fight cancelled
UFC 332: Silva vs. Wang|Imanol Rodriguez|Alden Coria|Total Rounds Under 2.5|Alden Coria vs Imanol Rodriguez,UFC 332: Silva vs. Wang,2026-10-03,Imanol Rodriguez,Alden Coria,Prelims,Flyweight,manner,Total Rounds Under 2.5,Alden Coria vs Imanol Rodriguez,Under 2.5 rounds,,0,1,136,FanDuel,3.0,4.08,0.5435,0.59,0.576,0.3594,0.4661,2026-09-30 08:04 PM ET,2026-10-03 07:29 PM ET,124,won,4.08,2026-10-03 07:46 PM ET,
UFC 332: Silva vs. Wang|Marcus McGhee|Bernardo Sopaj|Moneyline|Bernardo Sopaj,UFC 332: Silva vs. Wang,2026-10-03,Marcus McGhee,Bernardo Sopaj,Prelims,Bantamweight,outcome,Moneyline,Bernardo Sopaj,Bernardo Sopaj Moneyline,Low Confidence,0,0,114,DraftKings,1.0,1.14,0.5547,0.629,0.6067,0.2983,0.4907,2026-09-30 08:04 PM ET,2026-10-02 12:14 AM ET,-100,void,0.0,2026-10-01 07:54 PM ET,fight cancelled
UFC 332: Silva vs. Wang|Johnny Walker|Mick Parkin|Total Rounds Under 1.5|Johnny Walker vs Mick Parkin,UFC 332: Silva vs. Wang,2026-10-03,Johnny Walker,Mick Parkin,Early Prelims,Heavyweight,manner,Total Rounds Under 1.5,Johnny Walker vs Mick Parkin,Under 1.5 rounds,,0,1,154,DraftKings,3.0,4.62,0.494,0.471,0.4779,0.2139,0.4331,2026-10-01 08:14 PM ET,2026-10-03 05:45 PM ET,-160,won,4.62,2026-10-03 05:45 PM ET,
UFC 332: Silva vs. Wang|Marcus McGhee|Anthony Romero|Moneyline|Anthony Romero,UFC 332: Silva vs. Wang,2026-10-03,Marcus McGhee,Anthony Romero,Prelims,Featherweight,outcome,Moneyline,Anthony Romero,Anthony Romero Moneyline,Low Confidence,0,0,420,FanDuel,1.0,4.2,0.3347,0.362,0.3538,0.8398,0.2019,2026-10-03 11:57 AM ET,2026-10-03 07:07 PM ET,410,lost,-1.0,2026-10-03 06:49 PM ET,
UFC 332: Silva vs. Wang|Court McGee|Eric Nolan|Moneyline|Eric Nolan,UFC 332: Silva vs. Wang,2026-10-03,Court McGee,Eric Nolan,Early Prelims,Welterweight,outcome,Moneyline,Eric Nolan,Eric Nolan Moneyline,Medium Confidence,0,0,-225,BetMGM,2.0,0.89,0.744,0.75,0.7483,0.0809,0.7269,2026-10-03 04:40 PM ET,2026-10-03 04:57 PM ET,-225,won,0.89,2026-10-03 04:40 PM ET,
UFC 332: Silva vs. Wang|Marvin Vettori|Ismail Naurdiev|Moneyline|Ismail Naurdiev,UFC 332: Silva vs. Wang,2026-10-03,Marvin Vettori,Ismail Naurdiev,Early Prelims,Middleweight,outcome,Moneyline,Ismail Naurdiev,Ismail Naurdiev Moneyline,Low Confidence,0,0,-142,DraftKings,1.0,0.7,0.523,0.672,0.6273,0.0691,0.6161,2026-10-03 04:57 PM ET,2026-10-03 04:57 PM ET,-142,won,0.7,2026-10-03 04:57 PM ET,
UFC 332: Silva vs. Wang|Imanol Rodriguez|Alden Coria|Moneyline|Imanol Rodriguez,UFC 332: Silva vs. Wang,2026-10-03,Imanol Rodriguez,Alden Coria,Prelims,Flyweight,outcome,Moneyline,Imanol Rodriguez,Imanol Rodriguez Moneyline,Low Confidence,0,0,-135,DraftKings,1.0,0.74,0.51,0.67,0.622,0.0827,0.6032,2026-10-03 07:46 PM ET,2026-10-03 07:46 PM ET,-135,won,0.74,2026-10-03 07:46 PM ET,
UFC Fight Night: Allen vs. Duncan|Francisco Prado|Ismael Bonfim|Moneyline|Francisco Prado,UFC Fight Night: Allen vs. Duncan,2026-10-10,Francisco Prado,Ismael Bonfim,Prelims,Welterweight,outcome,Moneyline,Francisco Prado,Francisco Prado Moneyline,Medium Confidence,0,0,110,DraftKings,2.0,2.2,0.654,0.456,0.5155,0.0826,0.5,2026-10-03 11:18 PM ET,2026-10-07 08:19 PM ET,-108,,,,
UFC Fight Night: Allen vs. Duncan|Brendan Allen|Christian Leroy Duncan|Moneyline|Christian Leroy Duncan,UFC Fight Night: Allen vs. Duncan,2026-10-10,Brendan Allen,Christian Leroy Duncan,Main Event,Middleweight,outcome,Moneyline,Christian Leroy Duncan,Christian Leroy Duncan Moneyline,Low Confidence,0,0,136,DraftKings,1.0,1.36,0.535,0.423,0.4568,0.078,0.4449,2026-10-03 11:18 PM ET,2026-10-07 08:19 PM ET,110,,,,
